/*
SQLyog 企业版 - MySQL GUI v8.14 
MySQL - 5.6.10 : Database - spring_data_jpa
*********************************************************************
*/

/*!40101 SET NAMES utf8 */;

/*!40101 SET SQL_MODE=''*/;

/*!40014 SET @OLD_UNIQUE_CHECKS=@@UNIQUE_CHECKS, UNIQUE_CHECKS=0 */;
/*!40014 SET @OLD_FOREIGN_KEY_CHECKS=@@FOREIGN_KEY_CHECKS, FOREIGN_KEY_CHECKS=0 */;
/*!40101 SET @OLD_SQL_MODE=@@SQL_MODE, SQL_MODE='NO_AUTO_VALUE_ON_ZERO' */;
/*!40111 SET @OLD_SQL_NOTES=@@SQL_NOTES, SQL_NOTES=0 */;
CREATE DATABASE /*!32312 IF NOT EXISTS*/`spring_data_jpa` /*!40100 DEFAULT CHARACTER SET utf8 */;

USE `spring_data_jpa`;

/*Table structure for table `bbs` */

DROP TABLE IF EXISTS `bbs`;

CREATE TABLE `bbs` (
  `id` int(11) NOT NULL AUTO_INCREMENT COMMENT '编号',
  `mid` int(11) DEFAULT NULL COMMENT '模块编号',
  `uid` int(11) DEFAULT NULL COMMENT '发表人',
  `title` varchar(500) DEFAULT NULL COMMENT '帖子名',
  `content` text COMMENT '内容',
  `pid` int(11) DEFAULT NULL COMMENT '可见性编号',
  `viewNum` int(11) DEFAULT NULL COMMENT '浏览量',
  `replayNum` int(11) DEFAULT NULL COMMENT '回复量',
  `postTime` datetime DEFAULT NULL COMMENT '发表时间',
  `updateTime` datetime DEFAULT NULL COMMENT '更新时间',
  `veify` varchar(1) DEFAULT NULL COMMENT '是否审核 0 正常,1审核打回，2伪删除',
  `veifyadvice` varchar(1000) DEFAULT NULL COMMENT '审核意见',
  `status` int(1) DEFAULT NULL COMMENT '1置顶，2。推荐，3加精，4 普通帖子',
  PRIMARY KEY (`id`),
  KEY `FK_bbs_mass` (`mid`),
  KEY `FK_bbs_visiablely` (`pid`),
  KEY `FK_bbs_user` (`uid`),
  CONSTRAINT `FK_bbs_modul` FOREIGN KEY (`mid`) REFERENCES `modul` (`id`),
  CONSTRAINT `FK_bbs_user` FOREIGN KEY (`uid`) REFERENCES `user` (`id`),
  CONSTRAINT `FK_bbs_visiablely` FOREIGN KEY (`pid`) REFERENCES `visiablely` (`id`)
) ENGINE=InnoDB AUTO_INCREMENT=47 DEFAULT CHARSET=utf8;

/*Data for the table `bbs` */

insert  into `bbs`(`id`,`mid`,`uid`,`title`,`content`,`pid`,`viewNum`,`replayNum`,`postTime`,`updateTime`,`veify`,`veifyadvice`,`status`) values (1,1,1,'杨幂嫁人啦','新华社报道杨幂即将嫁人',1,100,0,'2013-04-12 14:13:23','2013-04-12 14:14:01','0',NULL,4),(2,1,1,'从昨天华鼎奖上现场的照片看，angelababy继整容之后绝对隆胸了','小编预计郭晶晶在明年 2014届 会夺得冠军 大家顶起啊',1,100,0,'2013-04-12 14:15:33','2013-04-12 14:15:33','0',NULL,3),(3,1,1,'从昨天华鼎奖上现场的照片看，angelababy继整容之后绝对隆胸了','小编预计郭晶晶在明年 2014届 会夺得冠军 大家顶起啊',1,100,0,'2013-04-12 14:16:21','2013-04-12 14:16:21','0',NULL,2),(4,1,1,'从昨天华鼎奖上现场的照片看，angelababy继整容之后绝对隆胸了','小编预计郭晶晶在明年 2014届 会夺得冠军 大家顶起啊',1,100,0,'2013-04-12 14:16:21','2013-04-12 14:16:21','0',NULL,1),(5,1,1,'从昨天华鼎奖上现场的照片看，angelababy继整容之后绝对隆胸了','小编预计郭晶晶在明年 2014届 会夺得冠军 大家顶起啊',1,100,0,'2013-04-12 14:16:22','2013-04-12 14:16:22','0',NULL,4),(6,1,1,'从昨天华鼎奖上现场的照片看，angelababy继整容之后绝对隆胸了','小编预计郭晶晶在明年 2014届 会夺得冠军 大家顶起啊',1,100,0,'2013-04-12 14:16:22','2013-04-12 14:16:22','0',NULL,3),(7,1,1,'从昨天华鼎奖上现场的照片看，angelababy继整容之后绝对隆胸了','小编预计郭晶晶在明年 2014届 会夺得冠军 大家顶起啊',1,100,0,'2013-04-12 14:16:22','2013-04-12 14:16:22','0',NULL,3),(8,1,1,'从昨天华鼎奖上现场的照片看，angelababy继整容之后绝对隆胸了','小编预计郭晶晶在明年 2014届 会夺得冠军 大家顶起啊',1,100,0,'2013-04-12 14:16:22','2013-04-12 14:16:22','0',NULL,4),(9,1,1,'从昨天华鼎奖上现场的照片看，angelababy继整容之后绝对隆胸了','小编预计郭晶晶在明年 2014届 会夺得冠军 大家顶起啊',1,100,0,'2013-04-12 14:16:22','2013-04-12 14:16:22','0',NULL,3),(10,1,1,'从昨天华鼎奖上现场的照片看，angelababy继整容之后绝对隆胸了','小编预计郭晶晶在明年 2014届 会夺得冠军 大家顶起啊',1,100,0,'2013-04-12 14:16:22','2013-04-12 14:16:22','0',NULL,2),(11,1,1,'从昨天华鼎奖上现场的照片看，angelababy继整容之后绝对隆胸了','小编预计郭晶晶在明年 2014届 会夺得冠军 大家顶起啊',1,100,0,'2013-04-12 14:16:22','2013-04-12 14:16:22','0',NULL,2),(12,1,1,'从昨天华鼎奖上现场的照片看，angelababy继整容之后绝对隆胸了','小编预计郭晶晶在明年 2014届 会夺得冠军 大家顶起啊',1,100,0,'2013-04-12 14:16:22','2013-04-12 14:16:22','0',NULL,4),(13,1,1,'从昨天华鼎奖上现场的照片看，angelababy继整容之后绝对隆胸了','小编预计郭晶晶在明年 2014届 会夺得冠军 大家顶起啊',1,100,0,'2013-04-12 14:16:22','2013-04-12 14:16:22','0',NULL,2),(14,1,1,'从昨天华鼎奖上现场的照片看，angelababy继整容之后绝对隆胸了','小编预计郭晶晶在明年 2014届 会夺得冠军 大家顶起啊',1,100,0,'2013-04-12 14:16:22','2013-04-12 14:16:22','0',NULL,1),(15,1,1,'从昨天华鼎奖上现场的照片看，angelababy继整容之后绝对隆胸了','小编预计郭晶晶在明年 2014届 会夺得冠军 大家顶起啊',1,100,0,'2013-04-12 14:16:23','2013-04-12 14:16:23','0',NULL,1),(16,1,1,'从昨天华鼎奖上现场的照片看，angelababy继整容之后绝对隆胸了','小编预计郭晶晶在明年 2014届 会夺得冠军 大家顶起啊',1,100,0,'2013-04-12 14:16:23','2013-04-12 14:16:23','0',NULL,1),(17,1,1,'从昨天华鼎奖上现场的照片看，angelababy继整容之后绝对隆胸了','小编预计郭晶晶在明年 2014届 会夺得冠军 大家顶起啊',1,100,0,'2013-04-12 14:16:23','2013-04-12 14:16:23','0',NULL,4),(18,1,1,'从昨天华鼎奖上现场的照片看，angelababy继整容之后绝对隆胸了','小编预计郭晶晶在明年 2014届 会夺得冠军 大家顶起啊',1,100,0,'2013-04-12 14:16:23','2013-04-12 14:16:23','0',NULL,4),(19,1,1,'从昨天华鼎奖上现场的照片看，angelababy继整容之后绝对隆胸了','小编预计郭晶晶在明年 2014届 会夺得冠军 大家顶起啊',1,100,0,'2013-04-12 14:16:23','2013-04-12 14:16:23','0',NULL,3),(20,1,1,'从昨天华鼎奖上现场的照片看，angelababy继整容之后绝对隆胸了','小编预计郭晶晶在明年 2014届 会夺得冠军 大家顶起啊',1,100,0,'2013-04-12 14:16:23','2013-04-12 14:16:23','0',NULL,3),(21,1,1,'从昨天华鼎奖上现场的照片看，angelababy继整容之后绝对隆胸了','小编预计郭晶晶在明年 2014届 会夺得冠军 大家顶起啊',1,100,0,'2013-04-12 14:16:23','2013-04-12 14:16:23','0',NULL,1),(22,1,1,'从昨天华鼎奖上现场的照片看，angelababy继整容之后绝对隆胸了','小编预计郭晶晶在明年 2014届 会夺得冠军 大家顶起啊',1,100,0,'2013-04-12 14:16:23','2013-04-12 14:16:23','0',NULL,2),(23,1,1,'从昨天华鼎奖上现场的照片看，angelababy继整容之后绝对隆胸了','小编预计郭晶晶在明年 2014届 会夺得冠军 大家顶起啊',1,100,0,'2013-04-12 14:16:24','2013-04-12 14:16:24','0',NULL,4),(24,1,1,'李小龙复活','做完梦见李小龙复活了\r\n',1,100,0,'2013-04-12 14:59:45','2013-04-12 14:59:45','0',NULL,3),(25,1,1,'从昨天华鼎奖上现场的照片看，angelababy继整容之后绝对隆胸了','小编预计郭晶晶在明年 2014届 会夺得冠军 大家顶起啊',1,100,0,'2013-04-12 15:00:49','2013-04-12 15:00:49','0',NULL,1),(26,1,1,'从昨天华鼎奖上现场的照片看，angelababy继整容之后绝对隆胸了','小编预计郭晶晶在明年 2014届 会夺得冠军 大家顶起啊',1,100,0,'2013-04-12 15:00:53','2013-04-12 15:00:53','0',NULL,4),(27,1,1,'从昨天华鼎奖上现场的照片看，angelababy继整容之后绝对隆胸了','小编预计郭晶晶在明年 2014届 会夺得冠军 大家顶起啊',1,100,0,'2013-04-12 15:00:53','2013-04-12 15:00:53','0',NULL,2),(28,1,1,'从昨天华鼎奖上现场的照片看，angelababy继整容之后绝对隆胸了','小编预计郭晶晶在明年 2014届 会夺得冠军 大家顶起啊',1,100,0,'2013-04-12 15:00:53','2013-04-12 15:00:53','0',NULL,3),(29,1,1,'从昨天华鼎奖上现场的照片看，angelababy继整容之后绝对隆胸了','小编预计郭晶晶在明年 2014届 会夺得冠军 大家顶起啊',1,100,0,'2013-04-12 15:00:53','2013-04-12 15:00:53','0',NULL,1),(30,1,1,'从昨天华鼎奖上现场的照片看，angelababy继整容之后绝对隆胸了','小编预计郭晶晶在明年 2014届 会夺得冠军 大家顶起啊',1,100,0,'2013-04-12 15:00:53','2013-04-12 15:00:53','0',NULL,4),(31,1,1,'从昨天华鼎奖上现场的照片看，angelababy继整容之后绝对隆胸了','小编预计郭晶晶在明年 2014届 会夺得冠军 大家顶起啊',1,100,0,'2013-04-12 15:00:53','2013-04-12 15:00:53','0',NULL,2),(32,1,1,'从昨天华鼎奖上现场的照片看，angelababy继整容之后绝对隆胸了','小编预计郭晶晶在明年 2014届 会夺得冠军 大家顶起啊',1,100,0,'2013-04-12 15:00:53','2013-04-12 15:00:53','0',NULL,1),(33,1,1,'从昨天华鼎奖上现场的照片看，angelababy继整容之后绝对隆胸了','小编预计郭晶晶在明年 2014届 会夺得冠军 大家顶起啊',1,100,0,'2013-04-12 15:00:53','2013-04-12 15:00:53','0',NULL,3),(34,1,1,'从昨天华鼎奖上现场的照片看，angelababy继整容之后绝对隆胸了','小编预计郭晶晶在明年 2014届 会夺得冠军 大家顶起啊',1,100,0,'2013-04-12 15:00:53','2013-04-12 15:00:53','0',NULL,1),(35,1,1,'从昨天华鼎奖上现场的照片看，angelababy继整容之后绝对隆胸了','小编预计郭晶晶在明年 2014届 会夺得冠军 大家顶起啊',1,100,0,'2013-04-12 15:00:53','2013-04-12 15:00:53','0',NULL,3),(36,1,1,'从昨天华鼎奖上现场的照片看，angelababy继整容之后绝对隆胸了','小编预计郭晶晶在明年 2014届 会夺得冠军 大家顶起啊',1,100,0,'2013-04-12 15:00:53','2013-04-12 15:00:53','0',NULL,4),(37,1,1,'从昨天华鼎奖上现场的照片看，angelababy继整容之后绝对隆胸了','小编预计郭晶晶在明年 2014届 会夺得冠军 大家顶起啊',1,100,0,'2013-04-12 15:00:53','2013-04-12 15:00:53','0',NULL,1),(38,1,1,'从昨天华鼎奖上现场的照片看，angelababy继整容之后绝对隆胸了','小编预计郭晶晶在明年 2014届 会夺得冠军 大家顶起啊',1,100,0,'2013-04-12 15:00:53','2013-04-12 15:00:53','0',NULL,4),(39,1,1,'从昨天华鼎奖上现场的照片看，angelababy继整容之后绝对隆胸了','小编预计郭晶晶在明年 2014届 会夺得冠军 大家顶起啊',1,100,0,'2013-04-12 15:00:53','2013-04-12 15:00:53','0',NULL,4),(40,1,1,'从昨天华鼎奖上现场的照片看，angelababy继整容之后绝对隆胸了','小编预计郭晶晶在明年 2014届 会夺得冠军 大家顶起啊',1,100,0,'2013-04-12 15:00:53','2013-04-12 15:00:53','0',NULL,2),(41,1,1,'从昨天华鼎奖上现场的照片看，angelababy继整容之后绝对隆胸了','小编预计郭晶晶在明年 2014届 会夺得冠军 大家顶起啊',1,100,0,'2013-04-12 15:00:54','2013-04-12 15:00:54','0',NULL,5),(42,1,1,'从昨天华鼎奖上现场的照片看，angelababy继整容之后绝对隆胸了','小编预计郭晶晶在明年 2014届 会夺得冠军 大家顶起啊',1,100,0,'2013-04-12 15:00:54','2013-04-12 15:00:54','0',NULL,2),(43,1,1,'从昨天华鼎奖上现场的照片看，angelababy继整容之后绝对隆胸了','小编预计郭晶晶在明年 2014届 会夺得冠军 大家顶起啊',1,100,0,'2013-04-12 15:00:54','2013-04-12 15:00:54','0',NULL,1),(44,1,1,'从昨天华鼎奖上现场的照片看，angelababy继整容之后绝对隆胸了','小编预计郭晶晶在明年 2014届 会夺得冠军 大家顶起啊',1,100,0,'2013-04-12 15:00:54','2013-04-12 15:00:54','0',NULL,4),(45,1,1,'从昨天华鼎奖上现场的照片看，angelababy继整容之后绝对隆胸了','小编预计郭晶晶在明年 2014届 会夺得冠军 大家顶起啊',1,100,0,'2013-04-12 15:00:54','2013-04-12 15:00:54','0',NULL,5),(46,1,1,'从昨天华鼎奖上现场的照片看，angelababy继整容之后绝对隆胸了','小编预计郭晶晶在明年 2014届 会夺得冠军 大家顶起啊',1,100,0,'2013-04-12 15:00:54','2013-04-12 15:00:54','0',NULL,1);

/*Table structure for table `mass` */

DROP TABLE IF EXISTS `mass`;

CREATE TABLE `mass` (
  `id` int(11) NOT NULL AUTO_INCREMENT COMMENT '编号',
  `name` varchar(100) DEFAULT NULL COMMENT '社团名',
  `desc` text COMMENT '社团描述',
  `num` int(11) DEFAULT NULL COMMENT '社团成员数量',
  `uid` int(11) DEFAULT NULL COMMENT '社团负责人',
  PRIMARY KEY (`id`),
  KEY `FK_mass_user` (`uid`),
  CONSTRAINT `FK_mass_user` FOREIGN KEY (`uid`) REFERENCES `user` (`id`)
) ENGINE=InnoDB AUTO_INCREMENT=38 DEFAULT CHARSET=utf8;

/*Data for the table `mass` */

insert  into `mass`(`id`,`name`,`desc`,`num`,`uid`) values (1,'秋昆社','这是一个提供大家交流的社团',100,1),(2,'秋昆社2','这是一个提供大家交流的社团',100,1),(3,'秋昆社3','这是一个提供大家交流的社团',100,1),(4,'秋昆社4','这是一个提供大家交流的社团',100,1),(5,'秋昆社5','这是一个提供大家交流的社团',100,1),(6,'秋昆社6','这是一个提供大家交流的社团',100,1),(7,'秋昆社7','这是一个提供大家交流的社团',100,1),(8,'秋昆社8','这是一个提供大家交流的社团',100,1),(9,'秋昆社9','这是一个提供大家交流的社团',100,1),(10,'秋昆社10','这是一个提供大家交流的社团',100,1),(11,'秋昆社11','这是一个提供大家交流的社团',100,1),(12,'秋昆社12','这是一个提供大家交流的社团',100,1),(13,'秋昆社13','这是一个提供大家交流的社团',100,1),(14,'秋昆社14','这是一个提供大家交流的社团',100,1),(15,'秋昆社15','这是一个提供大家交流的社团',100,1),(16,'秋昆社16','这是一个提供大家交流的社团',100,1),(17,'秋昆社17','这是一个提供大家交流的社团',100,1),(18,'秋昆社18','这是一个提供大家交流的社团',100,1),(19,'秋昆社19','这是一个提供大家交流的社团',100,1),(20,'秋昆社20','这是一个提供大家交流的社团',100,1),(21,'秋昆社21','这是一个提供大家交流的社团',100,1),(22,'秋昆社22','这是一个提供大家交流的社团',100,1),(23,'秋昆社23','这是一个提供大家交流的社团',100,1),(24,'秋昆社24','这是一个提供大家交流的社团',100,1),(25,'秋昆社25','这是一个提供大家交流的社团',100,1),(26,'秋昆社26','这是一个提供大家交流的社团',100,1),(27,'秋昆社27','这是一个提供大家交流的社团',100,1),(28,'秋昆社28','这是一个提供大家交流的社团',100,1),(29,'秋昆社29','这是一个提供大家交流的社团',100,1),(30,'秋昆社30','这是一个提供大家交流的社团',100,1),(31,'秋昆社31','这是一个提供大家交流的社团',100,1),(32,'秋昆社32','这是一个提供大家交流的社团',100,1),(33,'秋昆社33','这是一个提供大家交流的社团',100,1),(34,'秋昆社34','这是一个提供大家交流的社团',100,1),(35,'秋昆社35','这是一个提供大家交流的社团',100,1),(36,'秋昆社36','这是一个提供大家交流的社团',100,1),(37,'秋昆社37','这是一个提供大家交流的社团',100,1);

/*Table structure for table `message` */

DROP TABLE IF EXISTS `message`;

CREATE TABLE `message` (
  `id` int(11) NOT NULL AUTO_INCREMENT COMMENT '编号',
  `sendUser` int(11) DEFAULT NULL COMMENT '发送人',
  `sendTime` datetime DEFAULT NULL COMMENT '发送时间',
  `msg` text COMMENT '发送消息',
  `revicesUser` text COMMENT '接收人格式接收用户｛id:status｝,status 0，未读,1已读',
  PRIMARY KEY (`id`),
  KEY `FK_message_user` (`sendUser`),
  CONSTRAINT `FK_message_user` FOREIGN KEY (`sendUser`) REFERENCES `user` (`id`)
) ENGINE=InnoDB AUTO_INCREMENT=22 DEFAULT CHARSET=utf8;

/*Data for the table `message` */

insert  into `message`(`id`,`sendUser`,`sendTime`,`msg`,`revicesUser`) values (1,NULL,'2013-04-11 18:10:43','系统提示:雷xx在2013-4-11来报道',NULL),(2,NULL,'2013-04-11 18:11:59','系统提示:雷xx1在2013-4-11来报道',NULL),(3,NULL,'2013-04-11 18:11:59','系统提示:雷xx2在2013-4-11来报道',NULL),(4,NULL,'2013-04-11 18:12:00','系统提示:雷xx3在2013-4-11来报道',NULL),(5,NULL,'2013-04-11 18:12:00','系统提示:雷xx4在2013-4-11来报道',NULL),(6,NULL,'2013-04-11 18:12:00','系统提示:雷xx5在2013-4-11来报道',NULL),(7,NULL,'2013-04-11 18:12:00','系统提示:雷xx6在2013-4-11来报道',NULL),(8,NULL,'2013-04-11 18:12:00','系统提示:雷xx7在2013-4-11来报道',NULL),(9,NULL,'2013-04-11 18:12:00','系统提示:雷xx8在2013-4-11来报道',NULL),(10,NULL,'2013-04-11 18:12:00','系统提示:雷xx9在2013-4-11来报道',NULL),(11,NULL,'2013-04-11 18:12:00','系统提示:雷xx10在2013-4-11来报道',NULL),(12,NULL,'2013-04-11 18:12:00','系统提示:雷xx11在2013-4-11来报道',NULL),(13,NULL,'2013-04-11 18:12:00','系统提示:雷xx12在2013-4-11来报道',NULL),(14,NULL,'2013-04-11 18:12:00','系统提示:雷xx13在2013-4-11来报道',NULL),(15,NULL,'2013-04-11 18:12:00','系统提示:雷xx14在2013-4-11来报道',NULL),(16,NULL,'2013-04-11 18:12:00','系统提示:雷xx15在2013-4-11来报道',NULL),(17,NULL,'2013-04-11 18:12:00','系统提示:雷xx16在2013-4-11来报道',NULL),(18,NULL,'2013-04-11 18:12:01','系统提示:雷xx17在2013-4-11来报道',NULL),(19,NULL,'2013-04-11 18:12:01','系统提示:雷xx18在2013-4-11来报道',NULL),(20,NULL,'2013-04-11 18:12:01','系统提示:雷xx19在2013-4-11来报道',NULL),(21,NULL,'2013-04-11 18:12:01','系统提示:雷xx20在2013-4-11来报道',NULL);

/*Table structure for table `modul` */

DROP TABLE IF EXISTS `modul`;

CREATE TABLE `modul` (
  `id` int(11) NOT NULL AUTO_INCREMENT COMMENT '编号',
  `mid` int(11) DEFAULT NULL COMMENT '社团编号',
  `name` varchar(300) DEFAULT NULL COMMENT '模块名称',
  `pid` int(11) DEFAULT NULL COMMENT '可见性编号',
  `uid` int(11) DEFAULT NULL COMMENT '管理员编号',
  PRIMARY KEY (`id`),
  KEY `FK_modul_visiablely` (`pid`),
  KEY `FK_modul_user` (`uid`),
  KEY `FK_modul_mid` (`mid`),
  CONSTRAINT `FK_modul_mid` FOREIGN KEY (`mid`) REFERENCES `mass` (`id`),
  CONSTRAINT `FK_modul_user` FOREIGN KEY (`uid`) REFERENCES `user` (`id`),
  CONSTRAINT `FK_modul_visiablely` FOREIGN KEY (`pid`) REFERENCES `visiablely` (`id`)
) ENGINE=InnoDB AUTO_INCREMENT=227 DEFAULT CHARSET=utf8;

/*Data for the table `modul` */

insert  into `modul`(`id`,`mid`,`name`,`pid`,`uid`) values (1,1,'财务部',2,2),(2,2,'财务部',2,2),(3,3,'财务部',2,2),(4,4,'财务部',2,2),(5,5,'财务部',2,2),(6,6,'财务部',2,2),(7,7,'财务部',2,2),(8,8,'财务部',2,2),(9,9,'财务部',2,2),(10,10,'财务部',2,2),(11,11,'财务部',2,2),(12,12,'财务部',2,2),(13,13,'财务部',2,2),(14,14,'财务部',2,2),(15,15,'财务部',2,2),(16,16,'财务部',2,2),(17,17,'财务部',2,2),(18,18,'财务部',2,2),(19,19,'财务部',2,2),(20,20,'财务部',2,2),(21,21,'财务部',2,2),(22,22,'财务部',2,2),(23,23,'财务部',2,2),(24,24,'财务部',2,2),(25,25,'财务部',2,2),(26,26,'财务部',2,2),(27,27,'财务部',2,2),(28,28,'财务部',2,2),(29,29,'财务部',2,2),(30,30,'财务部',2,2),(31,31,'财务部',2,2),(32,32,'财务部',2,2),(33,33,'财务部',2,2),(34,34,'财务部',2,2),(35,35,'财务部',2,2),(36,36,'财务部',2,2),(37,37,'财务部',2,2),(64,1,'行政部',2,2),(65,2,'行政部',2,2),(66,3,'行政部',2,2),(67,4,'行政部',2,2),(68,5,'行政部',2,2),(69,6,'行政部',2,2),(70,7,'行政部',2,2),(71,8,'行政部',2,2),(72,9,'行政部',2,2),(73,10,'行政部',2,2),(74,11,'行政部',2,2),(75,12,'行政部',2,2),(76,13,'行政部',2,2),(77,14,'行政部',2,2),(78,15,'行政部',2,2),(79,16,'行政部',2,2),(80,17,'行政部',2,2),(81,18,'行政部',2,2),(82,19,'行政部',2,2),(83,20,'行政部',2,2),(84,21,'行政部',2,2),(85,22,'行政部',2,2),(86,23,'行政部',2,2),(87,24,'行政部',2,2),(88,25,'行政部',2,2),(89,26,'行政部',2,2),(90,27,'行政部',2,2),(91,28,'行政部',2,2),(92,29,'行政部',2,2),(93,30,'行政部',2,2),(94,31,'行政部',2,2),(95,32,'行政部',2,2),(96,33,'行政部',2,2),(97,34,'行政部',2,2),(98,35,'行政部',2,2),(99,36,'行政部',2,2),(100,37,'行政部',2,2),(127,1,'公共社区',1,2),(128,2,'公共社区',1,2),(129,3,'公共社区',1,2),(130,4,'公共社区',1,2),(131,5,'公共社区',1,2),(132,6,'公共社区',1,2),(133,7,'公共社区',1,2),(134,8,'公共社区',1,2),(135,9,'公共社区',1,2),(136,10,'公共社区',1,2),(137,11,'公共社区',1,2),(138,12,'公共社区',1,2),(139,13,'公共社区',1,2),(140,14,'公共社区',1,2),(141,15,'公共社区',1,2),(142,16,'公共社区',1,2),(143,17,'公共社区',1,2),(144,18,'公共社区',1,2),(145,19,'公共社区',1,2),(146,20,'公共社区',1,2),(147,21,'公共社区',1,2),(148,22,'公共社区',1,2),(149,23,'公共社区',1,2),(150,24,'公共社区',1,2),(151,25,'公共社区',1,2),(152,26,'公共社区',1,2),(153,27,'公共社区',1,2),(154,28,'公共社区',1,2),(155,29,'公共社区',1,2),(156,30,'公共社区',1,2),(157,31,'公共社区',1,2),(158,32,'公共社区',1,2),(159,33,'公共社区',1,2),(160,34,'公共社区',1,2),(161,35,'公共社区',1,2),(162,36,'公共社区',1,2),(163,37,'公共社区',1,2),(190,1,'内部管理',1,2),(191,2,'内部管理',1,2),(192,3,'内部管理',1,2),(193,4,'内部管理',1,2),(194,5,'内部管理',1,2),(195,6,'内部管理',1,2),(196,7,'内部管理',1,2),(197,8,'内部管理',1,2),(198,9,'内部管理',1,2),(199,10,'内部管理',1,2),(200,11,'内部管理',1,2),(201,12,'内部管理',1,2),(202,13,'内部管理',1,2),(203,14,'内部管理',1,2),(204,15,'内部管理',1,2),(205,16,'内部管理',1,2),(206,17,'内部管理',1,2),(207,18,'内部管理',1,2),(208,19,'内部管理',1,2),(209,20,'内部管理',1,2),(210,21,'内部管理',1,2),(211,22,'内部管理',1,2),(212,23,'内部管理',1,2),(213,24,'内部管理',1,2),(214,25,'内部管理',1,2),(215,26,'内部管理',1,2),(216,27,'内部管理',1,2),(217,28,'内部管理',1,2),(218,29,'内部管理',1,2),(219,30,'内部管理',1,2),(220,31,'内部管理',1,2),(221,32,'内部管理',1,2),(222,33,'内部管理',1,2),(223,34,'内部管理',1,2),(224,35,'内部管理',1,2),(225,36,'内部管理',1,2),(226,37,'内部管理',1,2);

/*Table structure for table `user` */

DROP TABLE IF EXISTS `user`;

CREATE TABLE `user` (
  `id` int(11) NOT NULL AUTO_INCREMENT COMMENT '编号',
  `username` varchar(100) DEFAULT NULL COMMENT '用户名',
  `nickname` varchar(100) DEFAULT NULL COMMENT '实名',
  `password` varchar(100) DEFAULT NULL COMMENT '密码',
  `grade` varchar(100) DEFAULT NULL COMMENT '班级',
  `type` varchar(1) DEFAULT NULL COMMENT '用户类别0.管理员 1.普通用户',
  `status` varchar(1) DEFAULT NULL COMMENT '用户状态0、正常 1.被锁住',
  `startTime` datetime DEFAULT NULL COMMENT '可以正常使用时间',
  `regiestTime` datetime DEFAULT NULL COMMENT '注册时间',
  PRIMARY KEY (`id`)
) ENGINE=InnoDB AUTO_INCREMENT=19 DEFAULT CHARSET=utf8;

/*Data for the table `user` */

insert  into `user`(`id`,`username`,`nickname`,`password`,`grade`,`type`,`status`,`startTime`,`regiestTime`) values (1,'admin','管理员','1234',NULL,'1','0','2013-03-29 09:31:50','2013-03-29 09:31:50'),(2,'leixx','雷xx','1234','09计科一班','2','0','2013-03-29 15:55:12','2013-03-29 15:55:12'),(3,'leixx1','雷xx1','1234','09计科一班','2','0','2013-03-29 15:56:52','2013-03-29 15:56:52'),(4,'leixx2','雷xx2','1234','09计科一班','2','0','2013-03-29 15:56:52','2013-03-29 15:56:52'),(5,'leixx3','雷xx3','1234','09计科一班','2','0','2013-03-29 15:56:52','2013-03-29 15:56:52'),(6,'leixx4','雷xx4','1234','09计科一班','2','0','2013-03-29 15:56:52','2013-03-29 15:56:52'),(7,'leixx5','雷xx5','1234','09计科一班','2','0','2013-03-29 15:56:52','2013-03-29 15:56:52'),(8,'leixx6','雷xx6','1234','09计科一班','2','0','2013-03-29 15:56:52','2013-03-29 15:56:52'),(9,'leixx7','雷xx7','1234','09计科一班','2','0','2013-03-29 15:56:52','2013-03-29 15:56:52'),(10,'leixx8','雷xx8','1234','09计科一班','2','0','2013-03-29 15:56:52','2013-03-29 15:56:52'),(11,'leixx9','雷xx9','1234','09计科一班','2','0','2013-03-29 15:56:52','2013-03-29 15:56:52'),(12,'leixx10','雷xx10','1234','09计科一班','2','0','2013-03-29 15:56:52','2013-03-29 15:56:52'),(13,'leixx11','雷xx11','1234','09计科一班','2','0','2013-03-29 15:56:52','2013-03-29 15:56:52'),(14,'leixx12','雷xx12','1234','09计科一班','2','0','2013-03-29 15:56:52','2013-03-29 15:56:52'),(15,'leixx13','雷xx13','1234','09计科一班','2','0','2013-03-29 15:56:52','2013-03-29 15:56:52'),(16,'leixx14','雷xx14','1234','09计科一班','2','0','2013-03-29 15:56:52','2013-03-29 15:56:52'),(17,'leixx15','雷xx15','1234','09计科一班','2','0','2013-03-29 15:56:53','2013-03-29 15:56:53'),(18,'leixx16','雷xx16','1234','09计科一班','2','0','2013-03-29 15:56:53','2013-03-29 15:56:53');

/*Table structure for table `usermass` */

DROP TABLE IF EXISTS `usermass`;

CREATE TABLE `usermass` (
  `id` int(11) NOT NULL AUTO_INCREMENT COMMENT '编号',
  `mid` int(11) DEFAULT NULL COMMENT '社团编号',
  `uid` int(11) DEFAULT NULL COMMENT '用户编号',
  `verify` varchar(1) DEFAULT NULL COMMENT '审核标志0.未通过。1已通过。2 申请中',
  `verifyInfo` varchar(200) DEFAULT NULL COMMENT '验证信息',
  PRIMARY KEY (`id`),
  KEY `FK_usermass_user` (`uid`),
  KEY `FK_usermass_mass` (`mid`),
  CONSTRAINT `FK_usermass_modlue` FOREIGN KEY (`mid`) REFERENCES `modul` (`id`),
  CONSTRAINT `FK_usermass_user` FOREIGN KEY (`uid`) REFERENCES `user` (`id`)
) ENGINE=InnoDB DEFAULT CHARSET=utf8;

/*Data for the table `usermass` */

/*Table structure for table `visiablely` */

DROP TABLE IF EXISTS `visiablely`;

CREATE TABLE `visiablely` (
  `id` int(11) NOT NULL COMMENT '编号',
  `type` varchar(1) DEFAULT NULL COMMENT '可见性类型 1所有人可见 2.所有注册用户可见 3 所有可用团员 4 指定部门 5 指定人',
  `oid` int(11) DEFAULT NULL COMMENT '模块或者帖子编号 暂时没用',
  `sql` varchar(1000) DEFAULT NULL COMMENT '可见人 ',
  `userIds` text COMMENT '用户id列表',
  PRIMARY KEY (`id`)
) ENGINE=InnoDB DEFAULT CHARSET=utf8;

/*Data for the table `visiablely` */

insert  into `visiablely`(`id`,`type`,`oid`,`sql`,`userIds`) values (1,'1',NULL,NULL,NULL),(2,'2',NULL,NULL,NULL);

/*!40101 SET SQL_MODE=@OLD_SQL_MODE */;
/*!40014 SET FOREIGN_KEY_CHECKS=@OLD_FOREIGN_KEY_CHECKS */;
/*!40014 SET UNIQUE_CHECKS=@OLD_UNIQUE_CHECKS */;
/*!40111 SET SQL_NOTES=@OLD_SQL_NOTES */;
