/*
SQLyog 企业版 - MySQL GUI v8.14 
MySQL - 5.6.10 : Database - spring_data_jpa
*********************************************************************
*/

/*!40101 SET NAMES utf8 */;

/*!40101 SET SQL_MODE=''*/;

/*!40014 SET @OLD_UNIQUE_CHECKS=@@UNIQUE_CHECKS, UNIQUE_CHECKS=0 */;
/*!40014 SET @OLD_FOREIGN_KEY_CHECKS=@@FOREIGN_KEY_CHECKS, FOREIGN_KEY_CHECKS=0 */;
/*!40101 SET @OLD_SQL_MODE=@@SQL_MODE, SQL_MODE='NO_AUTO_VALUE_ON_ZERO' */;
/*!40111 SET @OLD_SQL_NOTES=@@SQL_NOTES, SQL_NOTES=0 */;
CREATE DATABASE /*!32312 IF NOT EXISTS*/`spring_data_jpa` /*!40100 DEFAULT CHARACTER SET utf8 */;

USE `spring_data_jpa`;

/*Table structure for table `bbs` */

DROP TABLE IF EXISTS `bbs`;

CREATE TABLE `bbs` (
  `id` int(11) NOT NULL AUTO_INCREMENT COMMENT '编号',
  `mid` int(11) DEFAULT NULL COMMENT '模块编号',
  `uid` int(11) DEFAULT NULL COMMENT '发表人',
  `title` varchar(500) DEFAULT NULL COMMENT '帖子名',
  `content` text COMMENT '内容',
  `pid` int(11) DEFAULT NULL COMMENT '可见性编号',
  `viewNum` int(11) DEFAULT NULL COMMENT '浏览量',
  `replayNum` int(11) DEFAULT NULL COMMENT '回复量',
  `postTime` datetime DEFAULT NULL COMMENT '发表时间',
  `updateTime` datetime DEFAULT NULL COMMENT '更新时间',
  `veify` varchar(1) DEFAULT NULL COMMENT '是否审核 0 正常,1审核打回，2伪删除',
  `veifyadvice` varchar(1000) DEFAULT NULL COMMENT '审核意见',
  `status` int(1) DEFAULT NULL COMMENT '1置顶，2。推荐，3加精，4 普通帖子',
  PRIMARY KEY (`id`),
  KEY `FK_bbs_mass` (`mid`),
  KEY `FK_bbs_visiablely` (`pid`),
  KEY `FK_bbs_user` (`uid`),
  CONSTRAINT `FK_bbs_modul` FOREIGN KEY (`mid`) REFERENCES `modul` (`id`),
  CONSTRAINT `FK_bbs_user` FOREIGN KEY (`uid`) REFERENCES `user` (`id`),
  CONSTRAINT `FK_bbs_visiablely` FOREIGN KEY (`pid`) REFERENCES `visiablely` (`id`)
) ENGINE=InnoDB AUTO_INCREMENT=52 DEFAULT CHARSET=utf8;

/*Data for the table `bbs` */

insert  into `bbs`(`id`,`mid`,`uid`,`title`,`content`,`pid`,`viewNum`,`replayNum`,`postTime`,`updateTime`,`veify`,`veifyadvice`,`status`) values (1,127,3,'从昨天华鼎奖上现场的照片看，angelababy继整容之后绝对隆胸了','小编预计郭晶晶在明年 2014届 会夺得冠军 大家顶起啊',1,5,100,'2013-04-22 14:16:21','2013-04-22 14:16:21','0',NULL,2),(2,127,2,'从昨天华鼎奖上现场的照片看，angelababy继整容之后绝对隆胸了','据新京报报道，多位网友称，凤凰古城今上午多家商铺关门，渡船停运，网友称，进出城门每天被问“你买票了吗？”凤凰县委办公室和旅游局称，相关部门自中午12点起正召开紧急会议处理。4月10日早上8时开始，湖南凤凰古城售票窗口正式开始对外售票，游客进入凤凰古城风景区不论是否参观景点一律收148元门票费，每张门票含政府税收60元。“这种门票制度会对客流量造成损失。”有商家就担忧，“一旦大量客源流失，商铺的经营会难以为继。”而据薄湘晨报4月13日报道，在与罢市的商家协商中，副县长高湘文继续安抚老板们：“做生意搞投资，本来都有风险。这几天冷清，事情总有个过程，请大家过段时间再看看，很多人不是在乎这个门票多少的。”\r\n\r\n　　“很多人不是在乎这个门票多少的”，在很多时候、尤其是在游客已经到达目的地的时候，门票再贵可能游客也会忍痛进去看一番，但恐怕也不会去第二次，至少回头客会少很多，要知道，凤凰古城的湘西风情，本来是有很多值得游人选择回头欣赏的地方，过去为什么凤凰古城能吸引众多游客乐此不疲的选择作为旅游目的地，很大程度上并非因为那里的各种人造风景，而是冲着这座小小的县城风情去的，而这座县城就象全国、或者说全世界的古城一样，都是敞开、免费的迎接各地游客，这其实是一种旅游优势，带来的人气的同进，更给当地居民带来了丰厚的旅游收入。正是基于这种百姓获利而政府或旅游公司刻意设计的人造景观并不景气的情况下，当地政府出于与百姓争夺旅游利益的贪婪目的，干脆来了个圈城收费，收城市入门费，可谓开创了世界旅游业首例。照此逻辑，今后北京、西安、拉萨诸多的城市都是比凤凰历史更悠久的古城，是不是也可以来个收“进城费”的规定呢？将一个县城都圈起来收入门费，本身就显得极其的荒唐。\r\n\r\n　　我们暂且不论凤凰县收入城费全不合理，至少这项与民争利的方案已经立竿见影的影响到了当地居民好不容易形成了的靠旅游经济带动起来的商业生存模式，我们也看到了收费之前大家预计到的情况，因为散客不来了，客流减少，大量的私家商铺或其它围绕散客经营的店铺生意受到巨大冲击，很多商家的店铺装修都是贷款而来，面临困境显而易见，即使是管理商铺的县工商局长也对前来咨询的老板说，“你晓得我们是一条船上的。”。\r\n\r\n　　有意思的是这次对进城收费的政策，从头到尾甚至并非旅游公司推动，而完全是作为旅游管理者的当地政府；有评论就说，与过去一些景区自身提价不同，此次凤凰古城门票调价的主要推动者是当地政府，而非景区经营者。究其原因，不外乎是为了获得高额的门票收入，同时把一部分消费能力差的游客挡在门外，减轻古城的接待压力。然而结果是游客不买账，商家不满意。政府即便是赚了一点门票钱，可景区冷了，商家走了，就等于搬起石头砸了自己的脚。\r\n\r\n　　其实说是为了减轻古城接待压力，我看都是胡扯蛋的理由，当地政府巴不得人越多越好，真正的目的就是与民争利。现在出现当地商家和群众罢市抗议，还只是反映出对旅游生意经营者带来的利益损害，更多其它的民生问题还会层出不穷的展现出来。今天就有报道一件让人尴尬的几乎是笑话的新闻：家住湖南凤凰古城景区内的黄田，12日本想带女友回家见父母，却被挡在凤凰古城西门检票口。颇有怨气的黄田很是疑惑：他是本地人，为何不能带女朋友回家？对此，景区检票口的工作人员认为，黄田的女朋友是外地人，不在直系亲属的免票政策之内。虽然后来破例放行，他也只能苦笑“太尴尬了，太没有面子了！”\r\n\r\n　　为什么会这样，其实很多外地人根本不太清楚进城收费的民生背景，凤凰县是一座湘西小县城，过去因为贫穷落后而有幸保留下来了一座具有典型湘西风情的小镇，吊脚楼、小河野渡、民族风情-----，加之沈从文、黄永玉等文人画匠对湘西人文背景的美好描述，从上世纪80年代开始，包括张家界、王村、德夯、凤凰在内的整个湘西旅游经济开始吸引了全中国乃至世界的游客目光，而凤凰真正的核心旅游卖点就在于这座小县城，这座现实的生活着众多县城居民的行政区域，人们来凤凰旅游，很大程度上更容易流连忘返并记忆深刻的也是这座位于美丽沱江之畔的小县城，以及城里那些具有典型湘西风情的景观。事实上过去整个湘西的大多数县城，在没有被城市现代化吞噬前，普遍都具有类似的景观，比如我曾经在湘西三线企业呆过的沅陵县城，其老城被五强溪水库淹没前，是湘西最大也最古老的县城，古镇规模比凤凰县城至少大十倍，其县城溪子口一偶同样是吊脚楼，规模都差不多超过凤凰县城，可惜都被没有远见的城市建设毁灭了。幸好因贫穷而留下了一个凤凰古城还能让世人追寻到古老湘西风情的影子。我想说的是，凤凰古城目前仍然还是一座居民生产生活的行政区域，当地政府却将其圈起来向游客收费、收进城费，这势必影响到与居民生活相关的各种民生问题，收费事小，也许确实很多游客就象副县长忽悠商家所说的“不在乎门票多少”，但对当地民生可能带来的冲击很快将显现，今天那位带女朋友见公婆被拦收费的尴尬事只是开始。\r\n\r\n　　所以我们也看到了，凤凰县政府为了收进城费，挖空心思的颁布了《旅游景区门票管理办法》实施细则称，凤凰县居民户籍在外地的直系亲属(是指配偶、祖父母、外祖母、本人及配偶的父母、养父母、兄弟姐妹、子女、养子女、孙子女及外孙子女)凭身份证进入凤凰古城风景名胜区。但直系亲属身份的确认，要由本县居民向社区、村委会、居委会申请，填报信息采集表并进入身份识别系统备案。此外，居住在凤凰古城风景名胜区内的居民操办红白喜事，前来参加的亲朋好友可免票进入。\r\n\r\n　　这些所谓的规定，政府官员不觉得搞笑吗？还好凤凰真是个很小的县城，你可以罗列出一大堆“配偶、祖父母、外祖母、本人及配偶的父母、养父母、兄弟姐妹、子女、养子女、孙子女及外孙子女以及操办红白喜事，前来参加的亲朋好友”给予免费通行，甚至还可以继续罗列更多需要正常进入的群体免票进入，但这事实上已经严重影响到了居民的正常生活，干扰了居民的民生，而目的只有一个，与老百姓争夺利益，这才是这次收进城费事件被广泛关注的根本原因，如果仅仅只是某旅游景区提价也就罢了。想想看，当在居民来个亲戚都得花功夫办什么通行证才能进入，岂止麻烦，当地居民杨华对记者说，相当担心办理申请会泄露亲友的个人隐私，“如何保证隐私，这点我存疑问”。不光本地居民很“烦”，不少商贩也表示这种做法很不合理。在凤凰古城内经营小吃店的商户黄见芳说，他们进古城也要办证，“每天出去采购买货，还得天天出示证件，真是多余”。\r\n\r\n　　进城收费，显然已经脱离了旅游的范畴，成了扰民的歪主意，过去中国人只是质疑寺庙等宗教场所也成了收门票进入的地方，如今连进城也得收费了，说难听点，就是要钱不要脸，到时候游客不来了，商家走了，凤凰还得变成乌鸦。',1,111,100,'2013-04-22 14:15:33','2013-04-22 14:15:33','0',NULL,1),(3,127,1,'从昨天华鼎奖上现场的照片看，angelababy继整容之后绝对隆胸了','小编预计郭晶晶在明年 2014届 会夺得冠军 大家顶起啊',1,103,100,'2013-04-12 14:16:21','2013-04-12 14:16:21','0',NULL,0),(4,127,3,'从昨天华鼎奖上现场的照片看，angelababy继整容之后绝对隆胸了','小编预计郭晶晶在明年 2014届 会夺得冠军 大家顶起啊',1,110,100,'2013-04-12 14:16:21','2013-04-12 14:16:21','0',NULL,2),(5,127,1,'从昨天华鼎奖上现场的照片看，angelababy继整容之后绝对隆胸了','小编预计郭晶晶在明年 2014届 会夺得冠军 大家顶起啊',1,109,100,'2013-04-12 14:16:22','2013-04-12 14:16:22','0',NULL,0),(6,127,1,'从昨天华鼎奖上现场的照片看，angelababy继整容之后绝对隆胸了','小编预计郭晶晶在明年 2014届 会夺得冠军 大家顶起啊',1,102,100,'2013-04-12 14:16:22','2013-04-12 14:16:22','0',NULL,4),(7,127,1,'从昨天华鼎奖上现场的照片看，angelababy继整容之后绝对隆胸了','小编预计郭晶晶在明年 2014届 会夺得冠军 大家顶起啊',1,100,101,'2013-04-22 14:16:22','2013-04-22 14:16:22','0',NULL,0),(8,127,4,'从昨天华鼎奖上现场的照片看，angelababy继整容之后绝对隆胸了','小编预计郭晶晶在明年 2014届 会夺得冠军 大家顶起啊',1,101,101,'2013-04-22 14:16:22','2013-04-22 14:16:22','0',NULL,3),(9,127,1,'从昨天华鼎奖上现场的照片看，angelababy继整容之后绝对隆胸了','小编预计郭晶晶在明年 2014届 会夺得冠军 大家顶起啊',1,104,101,'2013-04-22 14:16:22','2013-04-22 14:16:22','0',NULL,1),(10,127,3,'从昨天华鼎奖上现场的照片看，angelababy继整容之后绝对隆胸了','小编预计郭晶晶在明年 2014届 会夺得冠军 大家顶起啊',1,115,100,'2013-04-12 14:16:22','2013-04-12 14:16:22','0',NULL,0),(11,127,1,'从昨天华鼎奖上现场的照片看，angelababy继整容之后绝对隆胸了','小编预计郭晶晶在明年 2014届 会夺得冠军 大家顶起啊',1,100,100,'2013-04-12 14:16:22','2013-04-12 14:16:22','0',NULL,2),(12,127,6,'从昨天华鼎奖上现场的照片看，angelababy继整容之后绝对隆胸了','小编预计郭晶晶在明年 2014届 会夺得冠军 大家顶起啊',1,100,100,'2013-04-12 14:16:22','2013-04-12 14:16:22','0',NULL,1),(13,127,1,'从昨天华鼎奖上现场的照片看，angelababy继整容之后绝对隆胸了','小编预计郭晶晶在明年 2014届 会夺得冠军 大家顶起啊',1,100,100,'2013-04-12 14:16:22','2013-04-12 14:16:22','0',NULL,0),(14,127,1,'从昨天华鼎奖上现场的照片看，angelababy继整容之后绝对隆胸了','小编预计郭晶晶在明年 2014届 会夺得冠军 大家顶起啊',1,100,100,'2013-04-12 14:16:22','2013-04-12 14:16:22','0',NULL,0),(15,127,2,'从昨天华鼎奖上现场的照片看，angelababy继整容之后绝对隆胸了','小编预计郭晶晶在明年 2014届 会夺得冠军 大家顶起啊',1,100,100,'2013-04-12 14:16:23','2013-04-12 14:16:23','0',NULL,2),(16,127,3,'从昨天华鼎奖上现场的照片看，angelababy继整容之后绝对隆胸了','小编预计郭晶晶在明年 2014届 会夺得冠军 大家顶起啊',1,100,100,'2013-04-12 14:16:23','2013-04-12 14:16:23','0',NULL,0),(17,127,1,'从昨天华鼎奖上现场的照片看，angelababy继整容之后绝对隆胸了','小编预计郭晶晶在明年 2014届 会夺得冠军 大家顶起啊',1,100,100,'2013-04-12 14:16:23','2013-04-12 14:16:23','0',NULL,3),(18,127,12,'从昨天华鼎奖上现场的照片看，angelababy继整容之后绝对隆胸了','小编预计郭晶晶在明年 2014届 会夺得冠军 大家顶起啊',1,100,100,'2013-04-12 14:16:23','2013-04-12 14:16:23','0',NULL,1),(19,127,1,'从昨天华鼎奖上现场的照片看，angelababy继整容之后绝对隆胸了','小编预计郭晶晶在明年 2014届 会夺得冠军 大家顶起啊',1,100,100,'2013-04-12 14:16:23','2013-04-12 14:16:23','0',NULL,0),(20,127,1,'从昨天华鼎奖上现场的照片看，angelababy继整容之后绝对隆胸了','小编预计郭晶晶在明年 2014届 会夺得冠军 大家顶起啊',1,100,100,'2013-04-12 14:16:23','2013-04-12 14:16:23','0',NULL,1),(21,127,1,'从昨天华鼎奖上现场的照片看，angelababy继整容之后绝对隆胸了','小编预计郭晶晶在明年 2014届 会夺得冠军 大家顶起啊',1,100,100,'2013-04-12 14:16:23','2013-04-12 14:16:23','0',NULL,1),(22,127,6,'从昨天华鼎奖上现场的照片看，angelababy继整容之后绝对隆胸了','小编预计郭晶晶在明年 2014届 会夺得冠军 大家顶起啊',1,100,100,'2013-04-12 14:16:23','2013-04-12 14:16:23','0',NULL,1),(23,127,1,'从昨天华鼎奖上现场的照片看，angelababy继整容之后绝对隆胸了','小编预计郭晶晶在明年 2014届 会夺得冠军 大家顶起啊',1,100,100,'2013-04-12 14:16:24','2013-04-12 14:16:24','0',NULL,0),(24,127,1,'李小龙复活','做完梦见李小龙复活了\r\n',1,100,100,'2013-04-12 14:59:45','2013-04-12 14:59:45','0',NULL,4),(25,127,1,'从昨天华鼎奖上现场的照片看，angelababy继整容之后绝对隆胸了','小编预计郭晶晶在明年 2014届 会夺得冠军 大家顶起啊',1,105,100,'2013-04-22 15:00:49','2013-04-22 15:00:49','0',NULL,1),(26,127,1,'从昨天华鼎奖上现场的照片看，angelababy继整容之后绝对隆胸了','小编预计郭晶晶在明年 2014届 会夺得冠军 大家顶起啊',1,100,100,'2013-04-12 15:00:53','2013-04-12 15:00:53','0',NULL,0),(27,127,1,'从昨天华鼎奖上现场的照片看，angelababy继整容之后绝对隆胸了','小编预计郭晶晶在明年 2014届 会夺得冠军 大家顶起啊',1,101,100,'2013-04-12 15:00:53','2013-04-12 15:00:53','0',NULL,2),(28,127,1,'从昨天华鼎奖上现场的照片看，angelababy继整容之后绝对隆胸了','小编预计郭晶晶在明年 2014届 会夺得冠军 大家顶起啊',1,100,100,'2013-04-12 15:00:53','2013-04-12 15:00:53','0',NULL,0),(29,127,1,'从昨天华鼎奖上现场的照片看，angelababy继整容之后绝对隆胸了','小编预计郭晶晶在明年 2014届 会夺得冠军 大家顶起啊',1,119,100,'2013-04-12 15:00:53','2013-04-12 15:00:53','0',NULL,1),(30,127,1,'从昨天华鼎奖上现场的照片看，angelababy继整容之后绝对隆胸了','小编预计郭晶晶在明年 2014届 会夺得冠军 大家顶起啊',1,100,100,'2013-04-12 15:00:53','2013-04-12 15:00:53','0',NULL,1),(31,127,1,'从昨天华鼎奖上现场的照片看，angelababy继整容之后绝对隆胸了','小编预计郭晶晶在明年 2014届 会夺得冠军 大家顶起啊',1,100,100,'2013-04-12 15:00:53','2013-04-12 15:00:53','0',NULL,0),(32,127,1,'从昨天华鼎奖上现场的照片看，angelababy继整容之后绝对隆胸了','小编预计郭晶晶在明年 2014届 会夺得冠军 大家顶起啊',1,100,100,'2013-04-12 15:00:53','2013-04-12 15:00:53','0',NULL,2),(33,127,1,'从昨天华鼎奖上现场的照片看，angelababy继整容之后绝对隆胸了','小编预计郭晶晶在明年 2014届 会夺得冠军 大家顶起啊',1,100,100,'2013-04-12 15:00:53','2013-04-12 15:00:53','0',NULL,1),(34,127,1,'从昨天华鼎奖上现场的照片看，angelababy继整容之后绝对隆胸了','小编预计郭晶晶在明年 2014届 会夺得冠军 大家顶起啊',1,100,100,'2013-04-12 15:00:53','2013-04-12 15:00:53','0',NULL,3),(35,127,1,'从昨天华鼎奖上现场的照片看，angelababy继整容之后绝对隆胸了','小编预计郭晶晶在明年 2014届 会夺得冠军 大家顶起啊',1,100,100,'2013-04-12 15:00:53','2013-04-12 15:00:53','0',NULL,3),(36,127,1,'从昨天华鼎奖上现场的照片看，angelababy继整容之后绝对隆胸了','小编预计郭晶晶在明年 2014届 会夺得冠军 大家顶起啊',1,102,100,'2013-05-21 15:00:53','2013-05-21 15:00:53','0',NULL,4),(37,127,1,'从昨天华鼎奖上现场的照片看，angelababy继整容之后绝对隆胸了','小编预计郭晶晶在明年 2014届 会夺得冠军 大家顶起啊',1,100,100,'2013-04-12 15:00:53','2013-04-12 15:00:53','0',NULL,3),(38,127,1,'从昨天华鼎奖上现场的照片看，angelababy继整容之后绝对隆胸了','小编预计郭晶晶在明年 2014届 会夺得冠军 大家顶起啊',1,100,100,'2013-04-12 15:00:53','2013-04-12 15:00:53','0',NULL,3),(39,127,1,'从昨天华鼎奖上现场的照片看，angelababy继整容之后绝对隆胸了','小编预计郭晶晶在明年 2014届 会夺得冠军 大家顶起啊',1,102,100,'2013-04-22 15:00:53','2013-04-22 15:00:53','0',NULL,2),(40,127,1,'从昨天华鼎奖上现场的照片看，angelababy继整容之后绝对隆胸了','小编预计郭晶晶在明年 2014届 会夺得冠军 大家顶起啊',1,100,100,'2013-04-12 15:00:53','2013-04-12 15:00:53','0',NULL,0),(41,127,1,'从昨天华鼎奖上现场的照片看，angelababy继整容之后绝对隆胸了','小编预计郭晶晶在明年 2014届 会夺得冠军 大家顶起啊',1,100,100,'2013-04-12 15:00:54','2013-04-12 15:00:54','0',NULL,3),(42,127,1,'从昨天华鼎奖上现场的照片看，angelababy继整容之后绝对隆胸了','小编预计郭晶晶在明年 2014届 会夺得冠军 大家顶起啊',1,101,100,'2013-04-12 15:00:54','2013-04-12 15:00:54','0',NULL,3),(43,127,1,'从昨天华鼎奖上现场的照片看，angelababy继整容之后绝对隆胸了','小编预计郭晶晶在明年 2014届 会夺得冠军 大家顶起啊',1,100,100,'2013-04-12 15:00:54','2013-04-12 15:00:54','0',NULL,0),(44,127,1,'从昨天华鼎奖上现场的照片看，angelababy继整容之后绝对隆胸了','小编预计郭晶晶在明年 2014届 会夺得冠军 大家顶起啊',1,100,100,'2013-04-12 15:00:54','2013-04-12 15:00:54','0',NULL,3),(45,127,1,'从昨天华鼎奖上现场的照片看，angelababy继整容之后绝对隆胸了','小编预计郭晶晶在明年 2014届 会夺得冠军 大家顶起啊',1,100,100,'2013-04-12 15:00:54','2013-04-12 15:00:54','0',NULL,3),(46,127,1,'从昨天华鼎奖上现场的照片看，angelababy继整容之后绝对隆胸了','小编预计郭晶晶在明年 2014届 会夺得冠军 大家顶起啊',1,100,100,'2013-04-12 15:00:54','2013-04-12 15:00:54','0',NULL,0),(47,64,2,'雅安地震真相','　看看我给徐书记写得信的答复\n　　1、地球并不安全，世界并不太平。我国是多自然灾害，多地震国家，几乎每年都有灾害的发生带来人员的伤亡和经济损失。因此，我们必须树立减灾意识，增强心理承受能力。要坚持防灾减灾思想，坚持“预防为主，防御与救助相结合”的方针，依靠全社会共同努力，把防灾减灾工作做在平时，全面增强全社会综合防御自然灾害、综合防御地震灾害事件的能力，一旦自然灾害、地震灾害事件发生，最大限度地减少人员伤亡和财产损失。象汶川地震这样特别重大的灾害事件毕竟是少数。\n　　2、汶川8.0级大地震，导致了大量的余震发生。目前，余震区已发生余震16000多次，其中：4级以上232次（4－4.9级199次，5－5.9级28次，6级以上5次），最大为5月25日发生在青川的6.4级。当前，余震区的余震仍在发生，但中强地震的频率降低。余震发生的趋势仍在专家分析、会商意见中。论文列举了大地震后发生大余震的例子，当然也有大地震没有大的余震发生的情况，如2001年我国昆仑山西口发生的8.1级地震就没有大的余震发生。当然，有的余震的发生可能会在数月、数年甚至数十年。失去具体的时间概念，对地震的任何预测都是没有意义的。\n　　3、大地震发生后，地壳应力调整过程中，周边有的断裂带应力上升，有的下降。一般说来，应力增加的断层发生地震的概率会大一些，应力下降的断层发生地震的概率会小一些。但某个断裂带的应力增加，并不意味着该地区近期一定会有地震发生，除非这个断裂带本来就接近失稳状态，应力增加才可能起到临门一脚的作用。至于某个断裂带到底积聚了多少应力，具体在什么情况下可能发生破裂，则是一个世界性的技术难题。汶川大地震后，除余震区发生大量的余震外，在青海、西藏地区发生了8个5级以上中强地震。我市石棉也发生了4.2级中等地震，我市其余地区尚没有3级以上地震发生。\n　　4、雅安属于全国地震重点监视防御区，龙门山、鲜水河、安宁河三大断裂带交汇于我市西南附近地区，长期以来，中小地震时有发生。我市及邻区历史曾发生6级以上地震4次，但人们活动的主要地区没有6级以上地震发生。这次汶川大地震给我市带来了历史上因地震造成灾害损失最重的一次。“6.18”石棉4.2级地震属于该地区正常的地震活动。目前，掌握的资料及宏观异常看，我市没有发生大地震的可能性。\n　　5、帕森斯等人的论文所做的只是地震危险性分析，而不是地震预报，他们的研究无法给出余震发生的准确时间、地点和震级，但对于我们研究地震是有参考价值的。\n　　谢谢你给我们工作的意见、建议，各级党委、政府及地震部门一直密切关注雅安地震活动动向，采取措施，加强我市防震减灾工作。“5.12”汶川大地震后，更是进一步加强了对地震的监测、观测，强化了震情跟踪，加密了震情趋势会商，及时掌握地震动向、及时分析、及时报告。\n\n提问者评价\n\n    谢谢！你的答案让我安心了好多！',1,4,0,'2013-04-22 15:01:37','2013-04-22 15:01:37','0',NULL,4),(48,1,2,'你就sb了吧','真的是 要不要这样啊 sb',3,0,0,'2013-04-22 15:05:38','2013-04-22 15:05:38','0',NULL,4),(49,1,2,'啊飒飒','大第三方的所发生的是',1,0,0,'2013-04-22 15:09:27','2013-04-22 15:09:27','0',NULL,4),(50,64,2,'测试啊','你是sb 不咯 不是别回复啊',1,3,0,'2013-04-22 15:10:58','2013-04-22 15:10:58','0',NULL,4),(51,64,2,'阿什顿萨菲','艾丝凡速度多少发的',1,0,0,'2013-04-22 15:12:05','2013-04-22 15:12:05','0',NULL,4);

/*Table structure for table `mass` */

DROP TABLE IF EXISTS `mass`;

CREATE TABLE `mass` (
  `id` int(11) NOT NULL AUTO_INCREMENT COMMENT '编号',
  `name` varchar(100) DEFAULT NULL COMMENT '社团名',
  `desc` text COMMENT '社团描述',
  `num` int(11) DEFAULT NULL COMMENT '社团成员数量',
  `uid` int(11) DEFAULT NULL COMMENT '社团负责人',
  PRIMARY KEY (`id`),
  KEY `FK_mass_user` (`uid`),
  CONSTRAINT `FK_mass_user` FOREIGN KEY (`uid`) REFERENCES `user` (`id`)
) ENGINE=InnoDB AUTO_INCREMENT=38 DEFAULT CHARSET=utf8;

/*Data for the table `mass` */

insert  into `mass`(`id`,`name`,`desc`,`num`,`uid`) values (1,'秋昆社','这是一个提供大家交流的社团',100,1),(2,'秋昆社2','这是一个提供大家交流的社团',100,1),(3,'秋昆社3','这是一个提供大家交流的社团',100,1),(4,'秋昆社4','这是一个提供大家交流的社团',100,1),(5,'秋昆社5','这是一个提供大家交流的社团',100,1),(6,'秋昆社6','这是一个提供大家交流的社团',100,1),(7,'秋昆社7','这是一个提供大家交流的社团',100,1),(8,'秋昆社8','这是一个提供大家交流的社团',100,1),(9,'秋昆社9','这是一个提供大家交流的社团',100,1),(10,'秋昆社10','这是一个提供大家交流的社团',100,1),(11,'秋昆社11','这是一个提供大家交流的社团',100,1),(12,'秋昆社12','这是一个提供大家交流的社团',100,1),(13,'秋昆社13','这是一个提供大家交流的社团',100,1),(14,'秋昆社14','这是一个提供大家交流的社团',100,1),(15,'秋昆社15','这是一个提供大家交流的社团',100,1),(16,'秋昆社16','这是一个提供大家交流的社团',100,1),(17,'秋昆社17','这是一个提供大家交流的社团',100,1),(18,'秋昆社18','这是一个提供大家交流的社团',100,1),(19,'秋昆社19','这是一个提供大家交流的社团',100,1),(20,'秋昆社20','这是一个提供大家交流的社团',100,1),(21,'秋昆社21','这是一个提供大家交流的社团',100,1),(22,'秋昆社22','这是一个提供大家交流的社团',100,1),(23,'秋昆社23','这是一个提供大家交流的社团',100,1),(24,'秋昆社24','这是一个提供大家交流的社团',100,1),(25,'秋昆社25','这是一个提供大家交流的社团',100,1),(26,'秋昆社26','这是一个提供大家交流的社团',100,1),(27,'秋昆社27','这是一个提供大家交流的社团',100,1),(28,'秋昆社28','这是一个提供大家交流的社团',100,1),(29,'秋昆社29','这是一个提供大家交流的社团',100,1),(30,'秋昆社30','这是一个提供大家交流的社团',100,1),(31,'秋昆社31','这是一个提供大家交流的社团',100,1),(32,'秋昆社32','这是一个提供大家交流的社团',100,1),(33,'秋昆社33','这是一个提供大家交流的社团',100,1),(34,'秋昆社34','这是一个提供大家交流的社团',100,1),(35,'秋昆社35','这是一个提供大家交流的社团',100,1),(36,'秋昆社36','这是一个提供大家交流的社团',100,1),(37,'秋昆社37','这是一个提供大家交流的社团',100,1);

/*Table structure for table `message` */

DROP TABLE IF EXISTS `message`;

CREATE TABLE `message` (
  `id` int(11) NOT NULL AUTO_INCREMENT COMMENT '编号',
  `sendUser` int(11) DEFAULT NULL COMMENT '发送人',
  `sendTime` datetime DEFAULT NULL COMMENT '发送时间',
  `msg` text COMMENT '发送消息',
  `revicesUser` text COMMENT '接收人格式接收用户｛id:status｝,status 0，未读,1已读',
  PRIMARY KEY (`id`),
  KEY `FK_message_user` (`sendUser`),
  CONSTRAINT `FK_message_user` FOREIGN KEY (`sendUser`) REFERENCES `user` (`id`)
) ENGINE=InnoDB AUTO_INCREMENT=29 DEFAULT CHARSET=utf8;

/*Data for the table `message` */

insert  into `message`(`id`,`sendUser`,`sendTime`,`msg`,`revicesUser`) values (1,NULL,'2013-04-11 18:10:43','系统提示:雷xx在2013-4-11来报道',NULL),(2,NULL,'2013-04-11 18:11:59','系统提示:雷xx1在2013-4-11来报道',NULL),(3,NULL,'2013-04-11 18:11:59','系统提示:雷xx2在2013-4-11来报道',NULL),(4,NULL,'2013-04-11 18:12:00','系统提示:雷xx3在2013-4-11来报道',NULL),(5,NULL,'2013-04-11 18:12:00','系统提示:雷xx4在2013-4-11来报道',NULL),(6,NULL,'2013-04-11 18:12:00','系统提示:雷xx5在2013-4-11来报道',NULL),(7,NULL,'2013-04-11 18:12:00','系统提示:雷xx6在2013-4-11来报道',NULL),(8,NULL,'2013-04-11 18:12:00','系统提示:雷xx7在2013-4-11来报道',NULL),(9,NULL,'2013-04-11 18:12:00','系统提示:雷xx8在2013-4-11来报道',NULL),(10,NULL,'2013-04-11 18:12:00','系统提示:雷xx9在2013-4-11来报道',NULL),(11,NULL,'2013-04-11 18:12:00','系统提示:雷xx10在2013-4-11来报道',NULL),(12,NULL,'2013-04-11 18:12:00','系统提示:雷xx11在2013-4-11来报道',NULL),(13,NULL,'2013-04-11 18:12:00','系统提示:雷xx12在2013-4-11来报道',NULL),(14,NULL,'2013-04-11 18:12:00','系统提示:雷xx13在2013-4-11来报道',NULL),(15,NULL,'2013-04-11 18:12:00','系统提示:雷xx14在2013-4-11来报道',NULL),(16,NULL,'2013-04-11 18:12:00','系统提示:雷xx15在2013-4-11来报道',NULL),(17,NULL,'2013-04-11 18:12:00','系统提示:雷xx16在2013-4-11来报道',NULL),(18,NULL,'2013-04-11 18:12:01','系统提示:雷xx17在2013-4-11来报道',NULL),(19,NULL,'2013-04-11 18:12:01','系统提示:雷xx18在2013-4-11来报道',NULL),(20,NULL,'2013-04-11 18:12:01','系统提示:雷xx19在2013-4-11来报道',NULL),(21,NULL,'2013-04-11 18:12:01','系统提示:雷xx20在2013-4-11来报道',NULL),(22,NULL,'2013-05-21 10:30:44','用户w123在2013-04-17注册成功',NULL),(23,NULL,'2013-05-21 11:28:39','用户管理员评论帖子从昨天华鼎奖上现场的照片看，angelababy继整容之后绝对隆胸了','1'),(24,NULL,'2013-05-21 11:53:52','用户管理员评论帖子从昨天华鼎奖上现场的照片看，angelababy继整容之后绝对隆胸了','1'),(25,NULL,'2013-05-21 11:56:36','用户管理员评论帖子从昨天华鼎奖上现场的照片看，angelababy继整容之后绝对隆胸了','1'),(26,NULL,'2013-04-22 08:49:07','用户雷xx评论帖子从昨天华鼎奖上现场的照片看，angelababy继整容之后绝对隆胸了','2'),(27,NULL,'2013-04-22 15:16:07','用户雷xx评论帖子雅安地震真相','2'),(28,NULL,'2013-04-22 17:11:06','用户雷xx评论帖子从昨天华鼎奖上现场的照片看，angelababy继整容之后绝对隆胸了','2');

/*Table structure for table `modul` */

DROP TABLE IF EXISTS `modul`;

CREATE TABLE `modul` (
  `id` int(11) NOT NULL AUTO_INCREMENT COMMENT '编号',
  `mid` int(11) DEFAULT NULL COMMENT '社团编号',
  `name` varchar(300) DEFAULT NULL COMMENT '模块名称',
  `pid` int(11) DEFAULT NULL COMMENT '可见性编号',
  `uid` int(11) DEFAULT NULL COMMENT '管理员编号',
  PRIMARY KEY (`id`),
  KEY `FK_modul_visiablely` (`pid`),
  KEY `FK_modul_user` (`uid`),
  KEY `FK_modul_mid` (`mid`),
  CONSTRAINT `FK_modul_mid` FOREIGN KEY (`mid`) REFERENCES `mass` (`id`),
  CONSTRAINT `FK_modul_user` FOREIGN KEY (`uid`) REFERENCES `user` (`id`),
  CONSTRAINT `FK_modul_visiablely` FOREIGN KEY (`pid`) REFERENCES `visiablely` (`id`)
) ENGINE=InnoDB AUTO_INCREMENT=227 DEFAULT CHARSET=utf8;

/*Data for the table `modul` */

insert  into `modul`(`id`,`mid`,`name`,`pid`,`uid`) values (1,1,'财务部',2,2),(2,2,'财务部',2,2),(3,3,'财务部',2,2),(4,4,'财务部',2,2),(5,5,'财务部',2,2),(6,6,'财务部',2,2),(7,7,'财务部',2,2),(8,8,'财务部',2,2),(9,9,'财务部',2,2),(10,10,'财务部',2,2),(11,11,'财务部',2,2),(12,12,'财务部',2,2),(13,13,'财务部',2,2),(14,14,'财务部',2,2),(15,15,'财务部',2,2),(16,16,'财务部',2,2),(17,17,'财务部',2,2),(18,18,'财务部',2,2),(19,19,'财务部',2,2),(20,20,'财务部',2,2),(21,21,'财务部',2,2),(22,22,'财务部',2,2),(23,23,'财务部',2,2),(24,24,'财务部',2,2),(25,25,'财务部',2,2),(26,26,'财务部',2,2),(27,27,'财务部',2,2),(28,28,'财务部',2,2),(29,29,'财务部',2,2),(30,30,'财务部',2,2),(31,31,'财务部',2,2),(32,32,'财务部',2,2),(33,33,'财务部',2,2),(34,34,'财务部',2,2),(35,35,'财务部',2,2),(36,36,'财务部',2,2),(37,37,'财务部',2,2),(64,1,'行政部',2,2),(65,2,'行政部',2,2),(66,3,'行政部',2,2),(67,4,'行政部',2,2),(68,5,'行政部',2,2),(69,6,'行政部',2,2),(70,7,'行政部',2,2),(71,8,'行政部',2,2),(72,9,'行政部',2,2),(73,10,'行政部',2,2),(74,11,'行政部',2,2),(75,12,'行政部',2,2),(76,13,'行政部',2,2),(77,14,'行政部',2,2),(78,15,'行政部',2,2),(79,16,'行政部',2,2),(80,17,'行政部',2,2),(81,18,'行政部',2,2),(82,19,'行政部',2,2),(83,20,'行政部',2,2),(84,21,'行政部',2,2),(85,22,'行政部',2,2),(86,23,'行政部',2,2),(87,24,'行政部',2,2),(88,25,'行政部',2,2),(89,26,'行政部',2,2),(90,27,'行政部',2,2),(91,28,'行政部',2,2),(92,29,'行政部',2,2),(93,30,'行政部',2,2),(94,31,'行政部',2,2),(95,32,'行政部',2,2),(96,33,'行政部',2,2),(97,34,'行政部',2,2),(98,35,'行政部',2,2),(99,36,'行政部',2,2),(100,37,'行政部',2,2),(127,1,'公共社区',1,2),(128,2,'公共社区',1,2),(129,3,'公共社区',1,2),(130,4,'公共社区',1,2),(131,5,'公共社区',1,2),(132,6,'公共社区',1,2),(133,7,'公共社区',1,2),(134,8,'公共社区',1,2),(135,9,'公共社区',1,2),(136,10,'公共社区',1,2),(137,11,'公共社区',1,2),(138,12,'公共社区',1,2),(139,13,'公共社区',1,2),(140,14,'公共社区',1,2),(141,15,'公共社区',1,2),(142,16,'公共社区',1,2),(143,17,'公共社区',1,2),(144,18,'公共社区',1,2),(145,19,'公共社区',1,2),(146,20,'公共社区',1,2),(147,21,'公共社区',1,2),(148,22,'公共社区',1,2),(149,23,'公共社区',1,2),(150,24,'公共社区',1,2),(151,25,'公共社区',1,2),(152,26,'公共社区',1,2),(153,27,'公共社区',1,2),(154,28,'公共社区',1,2),(155,29,'公共社区',1,2),(156,30,'公共社区',1,2),(157,31,'公共社区',1,2),(158,32,'公共社区',1,2),(159,33,'公共社区',1,2),(160,34,'公共社区',1,2),(161,35,'公共社区',1,2),(162,36,'公共社区',1,2),(163,37,'公共社区',1,2),(190,1,'内部管理',1,2),(191,2,'内部管理',1,2),(192,3,'内部管理',1,2),(193,4,'内部管理',1,2),(194,5,'内部管理',1,2),(195,6,'内部管理',1,2),(196,7,'内部管理',1,2),(197,8,'内部管理',1,2),(198,9,'内部管理',1,2),(199,10,'内部管理',1,2),(200,11,'内部管理',1,2),(201,12,'内部管理',1,2),(202,13,'内部管理',1,2),(203,14,'内部管理',1,2),(204,15,'内部管理',1,2),(205,16,'内部管理',1,2),(206,17,'内部管理',1,2),(207,18,'内部管理',1,2),(208,19,'内部管理',1,2),(209,20,'内部管理',1,2),(210,21,'内部管理',1,2),(211,22,'内部管理',1,2),(212,23,'内部管理',1,2),(213,24,'内部管理',1,2),(214,25,'内部管理',1,2),(215,26,'内部管理',1,2),(216,27,'内部管理',1,2),(217,28,'内部管理',1,2),(218,29,'内部管理',1,2),(219,30,'内部管理',1,2),(220,31,'内部管理',1,2),(221,32,'内部管理',1,2),(222,33,'内部管理',1,2),(223,34,'内部管理',1,2),(224,35,'内部管理',1,2),(225,36,'内部管理',1,2),(226,37,'内部管理',1,2);

/*Table structure for table `reply` */

DROP TABLE IF EXISTS `reply`;

CREATE TABLE `reply` (
  `id` int(11) NOT NULL AUTO_INCREMENT COMMENT '回帖编号',
  `content` text COMMENT '回复内容',
  `regiestTime` datetime DEFAULT NULL COMMENT '回帖时间',
  `uid` int(11) DEFAULT NULL COMMENT '回帖人',
  `bid` int(11) DEFAULT NULL COMMENT '回复的帖子',
  PRIMARY KEY (`id`),
  KEY `FK67612EA8FD28E6D` (`bid`),
  KEY `FK67612EA6A5BC27E` (`uid`),
  CONSTRAINT `FK67612EA6A5BC27E` FOREIGN KEY (`uid`) REFERENCES `user` (`id`),
  CONSTRAINT `FK67612EA8FD28E6D` FOREIGN KEY (`bid`) REFERENCES `bbs` (`id`)
) ENGINE=InnoDB AUTO_INCREMENT=10 DEFAULT CHARSET=utf8;

/*Data for the table `reply` */

insert  into `reply`(`id`,`content`,`regiestTime`,`uid`,`bid`) values (1,'楼主好体力','2013-04-16 15:56:41',1,1),(2,'[导读]刘恺威昨日公开爱的宣言，扬言好快娶女友杨幂过门，内地娱圈火速疯传二人婚讯，连父亲刘丹都以为新抱茶已快到嘴边，刘恺威接受本报访问时却逃婚，一句“只是开玩笑”来推翻“昨日的我”。\r\n\r\n刘恺威否认将与杨幂结婚 称：只是开玩笑的啦\r\n\r\n刘恺威(微博)(微信号：hawicklaw) 逼婚\r\n\r\n刘恺威否认将与杨幂结婚 称：只是开玩笑的啦\r\n\r\n杨幂(微博)(微信号：miniyangmi)走红毯\r\n\r\n腾讯娱乐讯 据太阳报报道，刘恺威昨日公开爱的宣言，扬言好快娶女友杨幂过门，内地娱圈火速疯传二人婚讯，连父亲刘丹都以为新抱茶已快到嘴边，刘恺威接受本报访问时却逃婚，一句“只是开玩笑”来推翻“昨日的我”。\r\n\r\n另外，杨幂昨天晚上以粉红色拖尾裙出席在湖南举行的“第九届金鹰节颁奖礼”，行红地毯时仍未知男友的“推婚论”，进场时，心情大好','2013-04-16 16:01:26',2,1),(3,'真的假的啊','2013-05-21 11:28:39',1,1),(4,'楼猪 好体力','2013-05-21 11:53:52',1,29),(5,'噢噢噢噢噢噢','2013-05-21 11:56:36',1,29),(6,'好吧！！！！！','2013-04-19 11:58:42',2,1),(7,'顶一个','2013-04-22 08:49:07',2,39),(8,'哦','2013-04-22 15:16:07',2,47),(9,'oooooo','2013-04-22 17:11:06',2,1);

/*Table structure for table `user` */

DROP TABLE IF EXISTS `user`;

CREATE TABLE `user` (
  `id` int(11) NOT NULL AUTO_INCREMENT COMMENT '编号',
  `username` varchar(100) DEFAULT NULL COMMENT '用户名',
  `nickname` varchar(100) DEFAULT NULL COMMENT '实名',
  `password` varchar(100) DEFAULT NULL COMMENT '密码',
  `grade` varchar(100) DEFAULT NULL COMMENT '班级',
  `type` varchar(1) DEFAULT NULL COMMENT '用户类别1.管理员 2.普通用户',
  `status` varchar(1) DEFAULT NULL COMMENT '用户状态0、正常 1.被锁住',
  `startTime` datetime DEFAULT NULL COMMENT '可以正常使用时间',
  `regiestTime` datetime DEFAULT NULL COMMENT '注册时间',
  PRIMARY KEY (`id`)
) ENGINE=InnoDB AUTO_INCREMENT=20 DEFAULT CHARSET=utf8;

/*Data for the table `user` */

insert  into `user`(`id`,`username`,`nickname`,`password`,`grade`,`type`,`status`,`startTime`,`regiestTime`) values (1,'admin','管理员','1234',NULL,'1','0','2013-03-29 00:00:00','2013-03-29 00:00:00'),(2,'leixx','雷xx','1234','09计科一班','2','0','2013-03-29 00:00:00','2013-03-29 00:00:00'),(3,'leixx1','雷xx1','1234','09计科一班','2','0','2013-03-29 00:00:00','2013-03-29 00:00:00'),(4,'leixx2','雷xx2','1234','09计科一班','2','0','2013-03-29 00:00:00','2013-03-29 00:00:00'),(5,'leixx3','雷xx3','1234','09计科一班','2','0','2013-03-29 00:00:00','2013-03-29 00:00:00'),(6,'leixx4','雷xx4','1234','09计科一班','2','0','2013-03-29 00:00:00','2013-03-29 00:00:00'),(7,'leixx5','雷xx5','1234','09计科一班','2','0','2013-03-29 00:00:00','2013-03-29 00:00:00'),(8,'leixx6','雷xx6','1234','09计科一班','2','0','2013-03-29 00:00:00','2013-03-29 00:00:00'),(9,'leixx7','雷xx7','1234','09计科一班','2','0','2013-03-29 00:00:00','2013-03-29 00:00:00'),(10,'leixx8','雷xx8','1234','09计科一班','2','0','2013-03-29 00:00:00','2013-03-29 00:00:00'),(11,'leixx9','雷xx9','1234','09计科一班','2','0','2013-03-29 00:00:00','2013-03-29 00:00:00'),(12,'leixx10','雷xx10','1234','09计科一班','2','0','2013-03-29 00:00:00','2013-03-29 00:00:00'),(13,'leixx11','雷xx11','1234','09计科一班','2','0','2013-03-29 00:00:00','2013-03-29 00:00:00'),(14,'leixx12','雷xx12','1234','09计科一班','2','0','2013-03-29 00:00:00','2013-03-29 00:00:00'),(15,'leixx13','雷xx13','1234','09计科一班','2','0','2013-03-29 00:00:00','2013-03-29 00:00:00'),(16,'leixx14','雷xx14','1234','09计科一班','2','0','2013-03-29 00:00:00','2013-03-29 00:00:00'),(17,'leixx15','雷xx15','1234','09计科一班','2','0','2013-03-29 00:00:00','2013-03-29 00:00:00'),(18,'leixx16','雷xx16','1234','09计科一班','2','0','2013-03-29 00:00:00','2013-03-29 00:00:00'),(19,'w123','你猜','qazwsx',NULL,'1','0','2013-04-17 14:27:58','2013-04-17 14:27:58');

/*Table structure for table `usermass` */

DROP TABLE IF EXISTS `usermass`;

CREATE TABLE `usermass` (
  `id` int(11) NOT NULL AUTO_INCREMENT COMMENT '编号',
  `mid` int(11) DEFAULT NULL COMMENT '社团编号',
  `uid` int(11) DEFAULT NULL COMMENT '用户编号',
  `verify` varchar(1) DEFAULT NULL COMMENT '审核标志0.未通过。1已通过。2 申请中',
  `verifyInfo` varchar(200) DEFAULT NULL COMMENT '验证信息',
  PRIMARY KEY (`id`),
  KEY `FK_usermass_user` (`uid`),
  KEY `FK_usermass_mass` (`mid`),
  CONSTRAINT `FK_usermass_modlue` FOREIGN KEY (`mid`) REFERENCES `modul` (`id`),
  CONSTRAINT `FK_usermass_user` FOREIGN KEY (`uid`) REFERENCES `user` (`id`)
) ENGINE=InnoDB AUTO_INCREMENT=2665 DEFAULT CHARSET=utf8;

/*Data for the table `usermass` */

insert  into `usermass`(`id`,`mid`,`uid`,`verify`,`verifyInfo`) values (1,127,1,'1',NULL),(2,127,2,'1',NULL),(3,127,3,'1',NULL),(4,127,4,'1',NULL),(5,127,5,'1',NULL),(6,127,6,'1',NULL),(7,127,7,'1',NULL),(8,127,8,'1',NULL),(9,127,9,'1',NULL),(10,127,10,'1',NULL),(11,127,11,'1',NULL),(12,127,12,'1',NULL),(13,127,13,'1',NULL),(14,127,14,'1',NULL),(15,127,15,'1',NULL),(16,127,16,'1',NULL),(17,127,17,'1',NULL),(18,127,18,'1',NULL),(19,128,1,'1',NULL),(20,128,2,'1',NULL),(21,128,3,'1',NULL),(22,128,4,'1',NULL),(23,128,5,'1',NULL),(24,128,6,'1',NULL),(25,128,7,'1',NULL),(26,128,8,'1',NULL),(27,128,9,'1',NULL),(28,128,10,'1',NULL),(29,128,11,'1',NULL),(30,128,12,'1',NULL),(31,128,13,'1',NULL),(32,128,14,'1',NULL),(33,128,15,'1',NULL),(34,128,16,'1',NULL),(35,128,17,'1',NULL),(36,128,18,'1',NULL),(37,129,1,'1',NULL),(38,129,2,'1',NULL),(39,129,3,'1',NULL),(40,129,4,'1',NULL),(41,129,5,'1',NULL),(42,129,6,'1',NULL),(43,129,7,'1',NULL),(44,129,8,'1',NULL),(45,129,9,'1',NULL),(46,129,10,'1',NULL),(47,129,11,'1',NULL),(48,129,12,'1',NULL),(49,129,13,'1',NULL),(50,129,14,'1',NULL),(51,129,15,'1',NULL),(52,129,16,'1',NULL),(53,129,17,'1',NULL),(54,129,18,'1',NULL),(55,130,1,'1',NULL),(56,130,2,'1',NULL),(57,130,3,'1',NULL),(58,130,4,'1',NULL),(59,130,5,'1',NULL),(60,130,6,'1',NULL),(61,130,7,'1',NULL),(62,130,8,'1',NULL),(63,130,9,'1',NULL),(64,130,10,'1',NULL),(65,130,11,'1',NULL),(66,130,12,'1',NULL),(67,130,13,'1',NULL),(68,130,14,'1',NULL),(69,130,15,'1',NULL),(70,130,16,'1',NULL),(71,130,17,'1',NULL),(72,130,18,'1',NULL),(73,131,1,'1',NULL),(74,131,2,'1',NULL),(75,131,3,'1',NULL),(76,131,4,'1',NULL),(77,131,5,'1',NULL),(78,131,6,'1',NULL),(79,131,7,'1',NULL),(80,131,8,'1',NULL),(81,131,9,'1',NULL),(82,131,10,'1',NULL),(83,131,11,'1',NULL),(84,131,12,'1',NULL),(85,131,13,'1',NULL),(86,131,14,'1',NULL),(87,131,15,'1',NULL),(88,131,16,'1',NULL),(89,131,17,'1',NULL),(90,131,18,'1',NULL),(91,132,1,'1',NULL),(92,132,2,'1',NULL),(93,132,3,'1',NULL),(94,132,4,'1',NULL),(95,132,5,'1',NULL),(96,132,6,'1',NULL),(97,132,7,'1',NULL),(98,132,8,'1',NULL),(99,132,9,'1',NULL),(100,132,10,'1',NULL),(101,132,11,'1',NULL),(102,132,12,'1',NULL),(103,132,13,'1',NULL),(104,132,14,'1',NULL),(105,132,15,'1',NULL),(106,132,16,'1',NULL),(107,132,17,'1',NULL),(108,132,18,'1',NULL),(109,133,1,'1',NULL),(110,133,2,'1',NULL),(111,133,3,'1',NULL),(112,133,4,'1',NULL),(113,133,5,'1',NULL),(114,133,6,'1',NULL),(115,133,7,'1',NULL),(116,133,8,'1',NULL),(117,133,9,'1',NULL),(118,133,10,'1',NULL),(119,133,11,'1',NULL),(120,133,12,'1',NULL),(121,133,13,'1',NULL),(122,133,14,'1',NULL),(123,133,15,'1',NULL),(124,133,16,'1',NULL),(125,133,17,'1',NULL),(126,133,18,'1',NULL),(127,134,1,'1',NULL),(128,134,2,'1',NULL),(129,134,3,'1',NULL),(130,134,4,'1',NULL),(131,134,5,'1',NULL),(132,134,6,'1',NULL),(133,134,7,'1',NULL),(134,134,8,'1',NULL),(135,134,9,'1',NULL),(136,134,10,'1',NULL),(137,134,11,'1',NULL),(138,134,12,'1',NULL),(139,134,13,'1',NULL),(140,134,14,'1',NULL),(141,134,15,'1',NULL),(142,134,16,'1',NULL),(143,134,17,'1',NULL),(144,134,18,'1',NULL),(145,135,1,'1',NULL),(146,135,2,'1',NULL),(147,135,3,'1',NULL),(148,135,4,'1',NULL),(149,135,5,'1',NULL),(150,135,6,'1',NULL),(151,135,7,'1',NULL),(152,135,8,'1',NULL),(153,135,9,'1',NULL),(154,135,10,'1',NULL),(155,135,11,'1',NULL),(156,135,12,'1',NULL),(157,135,13,'1',NULL),(158,135,14,'1',NULL),(159,135,15,'1',NULL),(160,135,16,'1',NULL),(161,135,17,'1',NULL),(162,135,18,'1',NULL),(163,136,1,'1',NULL),(164,136,2,'1',NULL),(165,136,3,'1',NULL),(166,136,4,'1',NULL),(167,136,5,'1',NULL),(168,136,6,'1',NULL),(169,136,7,'1',NULL),(170,136,8,'1',NULL),(171,136,9,'1',NULL),(172,136,10,'1',NULL),(173,136,11,'1',NULL),(174,136,12,'1',NULL),(175,136,13,'1',NULL),(176,136,14,'1',NULL),(177,136,15,'1',NULL),(178,136,16,'1',NULL),(179,136,17,'1',NULL),(180,136,18,'1',NULL),(181,137,1,'1',NULL),(182,137,2,'1',NULL),(183,137,3,'1',NULL),(184,137,4,'1',NULL),(185,137,5,'1',NULL),(186,137,6,'1',NULL),(187,137,7,'1',NULL),(188,137,8,'1',NULL),(189,137,9,'1',NULL),(190,137,10,'1',NULL),(191,137,11,'1',NULL),(192,137,12,'1',NULL),(193,137,13,'1',NULL),(194,137,14,'1',NULL),(195,137,15,'1',NULL),(196,137,16,'1',NULL),(197,137,17,'1',NULL),(198,137,18,'1',NULL),(199,138,1,'1',NULL),(200,138,2,'1',NULL),(201,138,3,'1',NULL),(202,138,4,'1',NULL),(203,138,5,'1',NULL),(204,138,6,'1',NULL),(205,138,7,'1',NULL),(206,138,8,'1',NULL),(207,138,9,'1',NULL),(208,138,10,'1',NULL),(209,138,11,'1',NULL),(210,138,12,'1',NULL),(211,138,13,'1',NULL),(212,138,14,'1',NULL),(213,138,15,'1',NULL),(214,138,16,'1',NULL),(215,138,17,'1',NULL),(216,138,18,'1',NULL),(217,139,1,'1',NULL),(218,139,2,'1',NULL),(219,139,3,'1',NULL),(220,139,4,'1',NULL),(221,139,5,'1',NULL),(222,139,6,'1',NULL),(223,139,7,'1',NULL),(224,139,8,'1',NULL),(225,139,9,'1',NULL),(226,139,10,'1',NULL),(227,139,11,'1',NULL),(228,139,12,'1',NULL),(229,139,13,'1',NULL),(230,139,14,'1',NULL),(231,139,15,'1',NULL),(232,139,16,'1',NULL),(233,139,17,'1',NULL),(234,139,18,'1',NULL),(235,140,1,'1',NULL),(236,140,2,'1',NULL),(237,140,3,'1',NULL),(238,140,4,'1',NULL),(239,140,5,'1',NULL),(240,140,6,'1',NULL),(241,140,7,'1',NULL),(242,140,8,'1',NULL),(243,140,9,'1',NULL),(244,140,10,'1',NULL),(245,140,11,'1',NULL),(246,140,12,'1',NULL),(247,140,13,'1',NULL),(248,140,14,'1',NULL),(249,140,15,'1',NULL),(250,140,16,'1',NULL),(251,140,17,'1',NULL),(252,140,18,'1',NULL),(253,141,1,'1',NULL),(254,141,2,'1',NULL),(255,141,3,'1',NULL),(256,141,4,'1',NULL),(257,141,5,'1',NULL),(258,141,6,'1',NULL),(259,141,7,'1',NULL),(260,141,8,'1',NULL),(261,141,9,'1',NULL),(262,141,10,'1',NULL),(263,141,11,'1',NULL),(264,141,12,'1',NULL),(265,141,13,'1',NULL),(266,141,14,'1',NULL),(267,141,15,'1',NULL),(268,141,16,'1',NULL),(269,141,17,'1',NULL),(270,141,18,'1',NULL),(271,142,1,'1',NULL),(272,142,2,'1',NULL),(273,142,3,'1',NULL),(274,142,4,'1',NULL),(275,142,5,'1',NULL),(276,142,6,'1',NULL),(277,142,7,'1',NULL),(278,142,8,'1',NULL),(279,142,9,'1',NULL),(280,142,10,'1',NULL),(281,142,11,'1',NULL),(282,142,12,'1',NULL),(283,142,13,'1',NULL),(284,142,14,'1',NULL),(285,142,15,'1',NULL),(286,142,16,'1',NULL),(287,142,17,'1',NULL),(288,142,18,'1',NULL),(289,143,1,'1',NULL),(290,143,2,'1',NULL),(291,143,3,'1',NULL),(292,143,4,'1',NULL),(293,143,5,'1',NULL),(294,143,6,'1',NULL),(295,143,7,'1',NULL),(296,143,8,'1',NULL),(297,143,9,'1',NULL),(298,143,10,'1',NULL),(299,143,11,'1',NULL),(300,143,12,'1',NULL),(301,143,13,'1',NULL),(302,143,14,'1',NULL),(303,143,15,'1',NULL),(304,143,16,'1',NULL),(305,143,17,'1',NULL),(306,143,18,'1',NULL),(307,144,1,'1',NULL),(308,144,2,'1',NULL),(309,144,3,'1',NULL),(310,144,4,'1',NULL),(311,144,5,'1',NULL),(312,144,6,'1',NULL),(313,144,7,'1',NULL),(314,144,8,'1',NULL),(315,144,9,'1',NULL),(316,144,10,'1',NULL),(317,144,11,'1',NULL),(318,144,12,'1',NULL),(319,144,13,'1',NULL),(320,144,14,'1',NULL),(321,144,15,'1',NULL),(322,144,16,'1',NULL),(323,144,17,'1',NULL),(324,144,18,'1',NULL),(325,145,1,'1',NULL),(326,145,2,'1',NULL),(327,145,3,'1',NULL),(328,145,4,'1',NULL),(329,145,5,'1',NULL),(330,145,6,'1',NULL),(331,145,7,'1',NULL),(332,145,8,'1',NULL),(333,145,9,'1',NULL),(334,145,10,'1',NULL),(335,145,11,'1',NULL),(336,145,12,'1',NULL),(337,145,13,'1',NULL),(338,145,14,'1',NULL),(339,145,15,'1',NULL),(340,145,16,'1',NULL),(341,145,17,'1',NULL),(342,145,18,'1',NULL),(343,146,1,'1',NULL),(344,146,2,'1',NULL),(345,146,3,'1',NULL),(346,146,4,'1',NULL),(347,146,5,'1',NULL),(348,146,6,'1',NULL),(349,146,7,'1',NULL),(350,146,8,'1',NULL),(351,146,9,'1',NULL),(352,146,10,'1',NULL),(353,146,11,'1',NULL),(354,146,12,'1',NULL),(355,146,13,'1',NULL),(356,146,14,'1',NULL),(357,146,15,'1',NULL),(358,146,16,'1',NULL),(359,146,17,'1',NULL),(360,146,18,'1',NULL),(361,147,1,'1',NULL),(362,147,2,'1',NULL),(363,147,3,'1',NULL),(364,147,4,'1',NULL),(365,147,5,'1',NULL),(366,147,6,'1',NULL),(367,147,7,'1',NULL),(368,147,8,'1',NULL),(369,147,9,'1',NULL),(370,147,10,'1',NULL),(371,147,11,'1',NULL),(372,147,12,'1',NULL),(373,147,13,'1',NULL),(374,147,14,'1',NULL),(375,147,15,'1',NULL),(376,147,16,'1',NULL),(377,147,17,'1',NULL),(378,147,18,'1',NULL),(379,148,1,'1',NULL),(380,148,2,'1',NULL),(381,148,3,'1',NULL),(382,148,4,'1',NULL),(383,148,5,'1',NULL),(384,148,6,'1',NULL),(385,148,7,'1',NULL),(386,148,8,'1',NULL),(387,148,9,'1',NULL),(388,148,10,'1',NULL),(389,148,11,'1',NULL),(390,148,12,'1',NULL),(391,148,13,'1',NULL),(392,148,14,'1',NULL),(393,148,15,'1',NULL),(394,148,16,'1',NULL),(395,148,17,'1',NULL),(396,148,18,'1',NULL),(397,149,1,'1',NULL),(398,149,2,'1',NULL),(399,149,3,'1',NULL),(400,149,4,'1',NULL),(401,149,5,'1',NULL),(402,149,6,'1',NULL),(403,149,7,'1',NULL),(404,149,8,'1',NULL),(405,149,9,'1',NULL),(406,149,10,'1',NULL),(407,149,11,'1',NULL),(408,149,12,'1',NULL),(409,149,13,'1',NULL),(410,149,14,'1',NULL),(411,149,15,'1',NULL),(412,149,16,'1',NULL),(413,149,17,'1',NULL),(414,149,18,'1',NULL),(415,150,1,'1',NULL),(416,150,2,'1',NULL),(417,150,3,'1',NULL),(418,150,4,'1',NULL),(419,150,5,'1',NULL),(420,150,6,'1',NULL),(421,150,7,'1',NULL),(422,150,8,'1',NULL),(423,150,9,'1',NULL),(424,150,10,'1',NULL),(425,150,11,'1',NULL),(426,150,12,'1',NULL),(427,150,13,'1',NULL),(428,150,14,'1',NULL),(429,150,15,'1',NULL),(430,150,16,'1',NULL),(431,150,17,'1',NULL),(432,150,18,'1',NULL),(433,151,1,'1',NULL),(434,151,2,'1',NULL),(435,151,3,'1',NULL),(436,151,4,'1',NULL),(437,151,5,'1',NULL),(438,151,6,'1',NULL),(439,151,7,'1',NULL),(440,151,8,'1',NULL),(441,151,9,'1',NULL),(442,151,10,'1',NULL),(443,151,11,'1',NULL),(444,151,12,'1',NULL),(445,151,13,'1',NULL),(446,151,14,'1',NULL),(447,151,15,'1',NULL),(448,151,16,'1',NULL),(449,151,17,'1',NULL),(450,151,18,'1',NULL),(451,152,1,'1',NULL),(452,152,2,'1',NULL),(453,152,3,'1',NULL),(454,152,4,'1',NULL),(455,152,5,'1',NULL),(456,152,6,'1',NULL),(457,152,7,'1',NULL),(458,152,8,'1',NULL),(459,152,9,'1',NULL),(460,152,10,'1',NULL),(461,152,11,'1',NULL),(462,152,12,'1',NULL),(463,152,13,'1',NULL),(464,152,14,'1',NULL),(465,152,15,'1',NULL),(466,152,16,'1',NULL),(467,152,17,'1',NULL),(468,152,18,'1',NULL),(469,153,1,'1',NULL),(470,153,2,'1',NULL),(471,153,3,'1',NULL),(472,153,4,'1',NULL),(473,153,5,'1',NULL),(474,153,6,'1',NULL),(475,153,7,'1',NULL),(476,153,8,'1',NULL),(477,153,9,'1',NULL),(478,153,10,'1',NULL),(479,153,11,'1',NULL),(480,153,12,'1',NULL),(481,153,13,'1',NULL),(482,153,14,'1',NULL),(483,153,15,'1',NULL),(484,153,16,'1',NULL),(485,153,17,'1',NULL),(486,153,18,'1',NULL),(487,154,1,'1',NULL),(488,154,2,'1',NULL),(489,154,3,'1',NULL),(490,154,4,'1',NULL),(491,154,5,'1',NULL),(492,154,6,'1',NULL),(493,154,7,'1',NULL),(494,154,8,'1',NULL),(495,154,9,'1',NULL),(496,154,10,'1',NULL),(497,154,11,'1',NULL),(498,154,12,'1',NULL),(499,154,13,'1',NULL),(500,154,14,'1',NULL),(501,154,15,'1',NULL),(502,154,16,'1',NULL),(503,154,17,'1',NULL),(504,154,18,'1',NULL),(505,155,1,'1',NULL),(506,155,2,'1',NULL),(507,155,3,'1',NULL),(508,155,4,'1',NULL),(509,155,5,'1',NULL),(510,155,6,'1',NULL),(511,155,7,'1',NULL),(512,155,8,'1',NULL),(513,155,9,'1',NULL),(514,155,10,'1',NULL),(515,155,11,'1',NULL),(516,155,12,'1',NULL),(517,155,13,'1',NULL),(518,155,14,'1',NULL),(519,155,15,'1',NULL),(520,155,16,'1',NULL),(521,155,17,'1',NULL),(522,155,18,'1',NULL),(523,156,1,'1',NULL),(524,156,2,'1',NULL),(525,156,3,'1',NULL),(526,156,4,'1',NULL),(527,156,5,'1',NULL),(528,156,6,'1',NULL),(529,156,7,'1',NULL),(530,156,8,'1',NULL),(531,156,9,'1',NULL),(532,156,10,'1',NULL),(533,156,11,'1',NULL),(534,156,12,'1',NULL),(535,156,13,'1',NULL),(536,156,14,'1',NULL),(537,156,15,'1',NULL),(538,156,16,'1',NULL),(539,156,17,'1',NULL),(540,156,18,'1',NULL),(541,157,1,'1',NULL),(542,157,2,'1',NULL),(543,157,3,'1',NULL),(544,157,4,'1',NULL),(545,157,5,'1',NULL),(546,157,6,'1',NULL),(547,157,7,'1',NULL),(548,157,8,'1',NULL),(549,157,9,'1',NULL),(550,157,10,'1',NULL),(551,157,11,'1',NULL),(552,157,12,'1',NULL),(553,157,13,'1',NULL),(554,157,14,'1',NULL),(555,157,15,'1',NULL),(556,157,16,'1',NULL),(557,157,17,'1',NULL),(558,157,18,'1',NULL),(559,158,1,'1',NULL),(560,158,2,'1',NULL),(561,158,3,'1',NULL),(562,158,4,'1',NULL),(563,158,5,'1',NULL),(564,158,6,'1',NULL),(565,158,7,'1',NULL),(566,158,8,'1',NULL),(567,158,9,'1',NULL),(568,158,10,'1',NULL),(569,158,11,'1',NULL),(570,158,12,'1',NULL),(571,158,13,'1',NULL),(572,158,14,'1',NULL),(573,158,15,'1',NULL),(574,158,16,'1',NULL),(575,158,17,'1',NULL),(576,158,18,'1',NULL),(577,159,1,'1',NULL),(578,159,2,'1',NULL),(579,159,3,'1',NULL),(580,159,4,'1',NULL),(581,159,5,'1',NULL),(582,159,6,'1',NULL),(583,159,7,'1',NULL),(584,159,8,'1',NULL),(585,159,9,'1',NULL),(586,159,10,'1',NULL),(587,159,11,'1',NULL),(588,159,12,'1',NULL),(589,159,13,'1',NULL),(590,159,14,'1',NULL),(591,159,15,'1',NULL),(592,159,16,'1',NULL),(593,159,17,'1',NULL),(594,159,18,'1',NULL),(595,160,1,'1',NULL),(596,160,2,'1',NULL),(597,160,3,'1',NULL),(598,160,4,'1',NULL),(599,160,5,'1',NULL),(600,160,6,'1',NULL),(601,160,7,'1',NULL),(602,160,8,'1',NULL),(603,160,9,'1',NULL),(604,160,10,'1',NULL),(605,160,11,'1',NULL),(606,160,12,'1',NULL),(607,160,13,'1',NULL),(608,160,14,'1',NULL),(609,160,15,'1',NULL),(610,160,16,'1',NULL),(611,160,17,'1',NULL),(612,160,18,'1',NULL),(613,161,1,'1',NULL),(614,161,2,'1',NULL),(615,161,3,'1',NULL),(616,161,4,'1',NULL),(617,161,5,'1',NULL),(618,161,6,'1',NULL),(619,161,7,'1',NULL),(620,161,8,'1',NULL),(621,161,9,'1',NULL),(622,161,10,'1',NULL),(623,161,11,'1',NULL),(624,161,12,'1',NULL),(625,161,13,'1',NULL),(626,161,14,'1',NULL),(627,161,15,'1',NULL),(628,161,16,'1',NULL),(629,161,17,'1',NULL),(630,161,18,'1',NULL),(631,162,1,'1',NULL),(632,162,2,'1',NULL),(633,162,3,'1',NULL),(634,162,4,'1',NULL),(635,162,5,'1',NULL),(636,162,6,'1',NULL),(637,162,7,'1',NULL),(638,162,8,'1',NULL),(639,162,9,'1',NULL),(640,162,10,'1',NULL),(641,162,11,'1',NULL),(642,162,12,'1',NULL),(643,162,13,'1',NULL),(644,162,14,'1',NULL),(645,162,15,'1',NULL),(646,162,16,'1',NULL),(647,162,17,'1',NULL),(648,162,18,'1',NULL),(649,163,1,'1',NULL),(650,163,2,'1',NULL),(651,163,3,'1',NULL),(652,163,4,'1',NULL),(653,163,5,'1',NULL),(654,163,6,'1',NULL),(655,163,7,'1',NULL),(656,163,8,'1',NULL),(657,163,9,'1',NULL),(658,163,10,'1',NULL),(659,163,11,'1',NULL),(660,163,12,'1',NULL),(661,163,13,'1',NULL),(662,163,14,'1',NULL),(663,163,15,'1',NULL),(664,163,16,'1',NULL),(665,163,17,'1',NULL),(666,163,18,'1',NULL),(667,190,1,'1',NULL),(668,190,2,'1',NULL),(669,190,3,'1',NULL),(670,190,4,'1',NULL),(671,190,5,'1',NULL),(672,190,6,'1',NULL),(673,190,7,'1',NULL),(674,190,8,'1',NULL),(675,190,9,'1',NULL),(676,190,10,'1',NULL),(677,190,11,'1',NULL),(678,190,12,'1',NULL),(679,190,13,'1',NULL),(680,190,14,'1',NULL),(681,190,15,'1',NULL),(682,190,16,'1',NULL),(683,190,17,'1',NULL),(684,190,18,'1',NULL),(685,191,1,'1',NULL),(686,191,2,'1',NULL),(687,191,3,'1',NULL),(688,191,4,'1',NULL),(689,191,5,'1',NULL),(690,191,6,'1',NULL),(691,191,7,'1',NULL),(692,191,8,'1',NULL),(693,191,9,'1',NULL),(694,191,10,'1',NULL),(695,191,11,'1',NULL),(696,191,12,'1',NULL),(697,191,13,'1',NULL),(698,191,14,'1',NULL),(699,191,15,'1',NULL),(700,191,16,'1',NULL),(701,191,17,'1',NULL),(702,191,18,'1',NULL),(703,192,1,'1',NULL),(704,192,2,'1',NULL),(705,192,3,'1',NULL),(706,192,4,'1',NULL),(707,192,5,'1',NULL),(708,192,6,'1',NULL),(709,192,7,'1',NULL),(710,192,8,'1',NULL),(711,192,9,'1',NULL),(712,192,10,'1',NULL),(713,192,11,'1',NULL),(714,192,12,'1',NULL),(715,192,13,'1',NULL),(716,192,14,'1',NULL),(717,192,15,'1',NULL),(718,192,16,'1',NULL),(719,192,17,'1',NULL),(720,192,18,'1',NULL),(721,193,1,'1',NULL),(722,193,2,'1',NULL),(723,193,3,'1',NULL),(724,193,4,'1',NULL),(725,193,5,'1',NULL),(726,193,6,'1',NULL),(727,193,7,'1',NULL),(728,193,8,'1',NULL),(729,193,9,'1',NULL),(730,193,10,'1',NULL),(731,193,11,'1',NULL),(732,193,12,'1',NULL),(733,193,13,'1',NULL),(734,193,14,'1',NULL),(735,193,15,'1',NULL),(736,193,16,'1',NULL),(737,193,17,'1',NULL),(738,193,18,'1',NULL),(739,194,1,'1',NULL),(740,194,2,'1',NULL),(741,194,3,'1',NULL),(742,194,4,'1',NULL),(743,194,5,'1',NULL),(744,194,6,'1',NULL),(745,194,7,'1',NULL),(746,194,8,'1',NULL),(747,194,9,'1',NULL),(748,194,10,'1',NULL),(749,194,11,'1',NULL),(750,194,12,'1',NULL),(751,194,13,'1',NULL),(752,194,14,'1',NULL),(753,194,15,'1',NULL),(754,194,16,'1',NULL),(755,194,17,'1',NULL),(756,194,18,'1',NULL),(757,195,1,'1',NULL),(758,195,2,'1',NULL),(759,195,3,'1',NULL),(760,195,4,'1',NULL),(761,195,5,'1',NULL),(762,195,6,'1',NULL),(763,195,7,'1',NULL),(764,195,8,'1',NULL),(765,195,9,'1',NULL),(766,195,10,'1',NULL),(767,195,11,'1',NULL),(768,195,12,'1',NULL),(769,195,13,'1',NULL),(770,195,14,'1',NULL),(771,195,15,'1',NULL),(772,195,16,'1',NULL),(773,195,17,'1',NULL),(774,195,18,'1',NULL),(775,196,1,'1',NULL),(776,196,2,'1',NULL),(777,196,3,'1',NULL),(778,196,4,'1',NULL),(779,196,5,'1',NULL),(780,196,6,'1',NULL),(781,196,7,'1',NULL),(782,196,8,'1',NULL),(783,196,9,'1',NULL),(784,196,10,'1',NULL),(785,196,11,'1',NULL),(786,196,12,'1',NULL),(787,196,13,'1',NULL),(788,196,14,'1',NULL),(789,196,15,'1',NULL),(790,196,16,'1',NULL),(791,196,17,'1',NULL),(792,196,18,'1',NULL),(793,197,1,'1',NULL),(794,197,2,'1',NULL),(795,197,3,'1',NULL),(796,197,4,'1',NULL),(797,197,5,'1',NULL),(798,197,6,'1',NULL),(799,197,7,'1',NULL),(800,197,8,'1',NULL),(801,197,9,'1',NULL),(802,197,10,'1',NULL),(803,197,11,'1',NULL),(804,197,12,'1',NULL),(805,197,13,'1',NULL),(806,197,14,'1',NULL),(807,197,15,'1',NULL),(808,197,16,'1',NULL),(809,197,17,'1',NULL),(810,197,18,'1',NULL),(811,198,1,'1',NULL),(812,198,2,'1',NULL),(813,198,3,'1',NULL),(814,198,4,'1',NULL),(815,198,5,'1',NULL),(816,198,6,'1',NULL),(817,198,7,'1',NULL),(818,198,8,'1',NULL),(819,198,9,'1',NULL),(820,198,10,'1',NULL),(821,198,11,'1',NULL),(822,198,12,'1',NULL),(823,198,13,'1',NULL),(824,198,14,'1',NULL),(825,198,15,'1',NULL),(826,198,16,'1',NULL),(827,198,17,'1',NULL),(828,198,18,'1',NULL),(829,199,1,'1',NULL),(830,199,2,'1',NULL),(831,199,3,'1',NULL),(832,199,4,'1',NULL),(833,199,5,'1',NULL),(834,199,6,'1',NULL),(835,199,7,'1',NULL),(836,199,8,'1',NULL),(837,199,9,'1',NULL),(838,199,10,'1',NULL),(839,199,11,'1',NULL),(840,199,12,'1',NULL),(841,199,13,'1',NULL),(842,199,14,'1',NULL),(843,199,15,'1',NULL),(844,199,16,'1',NULL),(845,199,17,'1',NULL),(846,199,18,'1',NULL),(847,200,1,'1',NULL),(848,200,2,'1',NULL),(849,200,3,'1',NULL),(850,200,4,'1',NULL),(851,200,5,'1',NULL),(852,200,6,'1',NULL),(853,200,7,'1',NULL),(854,200,8,'1',NULL),(855,200,9,'1',NULL),(856,200,10,'1',NULL),(857,200,11,'1',NULL),(858,200,12,'1',NULL),(859,200,13,'1',NULL),(860,200,14,'1',NULL),(861,200,15,'1',NULL),(862,200,16,'1',NULL),(863,200,17,'1',NULL),(864,200,18,'1',NULL),(865,201,1,'1',NULL),(866,201,2,'1',NULL),(867,201,3,'1',NULL),(868,201,4,'1',NULL),(869,201,5,'1',NULL),(870,201,6,'1',NULL),(871,201,7,'1',NULL),(872,201,8,'1',NULL),(873,201,9,'1',NULL),(874,201,10,'1',NULL),(875,201,11,'1',NULL),(876,201,12,'1',NULL),(877,201,13,'1',NULL),(878,201,14,'1',NULL),(879,201,15,'1',NULL),(880,201,16,'1',NULL),(881,201,17,'1',NULL),(882,201,18,'1',NULL),(883,202,1,'1',NULL),(884,202,2,'1',NULL),(885,202,3,'1',NULL),(886,202,4,'1',NULL),(887,202,5,'1',NULL),(888,202,6,'1',NULL),(889,202,7,'1',NULL),(890,202,8,'1',NULL),(891,202,9,'1',NULL),(892,202,10,'1',NULL),(893,202,11,'1',NULL),(894,202,12,'1',NULL),(895,202,13,'1',NULL),(896,202,14,'1',NULL),(897,202,15,'1',NULL),(898,202,16,'1',NULL),(899,202,17,'1',NULL),(900,202,18,'1',NULL),(901,203,1,'1',NULL),(902,203,2,'1',NULL),(903,203,3,'1',NULL),(904,203,4,'1',NULL),(905,203,5,'1',NULL),(906,203,6,'1',NULL),(907,203,7,'1',NULL),(908,203,8,'1',NULL),(909,203,9,'1',NULL),(910,203,10,'1',NULL),(911,203,11,'1',NULL),(912,203,12,'1',NULL),(913,203,13,'1',NULL),(914,203,14,'1',NULL),(915,203,15,'1',NULL),(916,203,16,'1',NULL),(917,203,17,'1',NULL),(918,203,18,'1',NULL),(919,204,1,'1',NULL),(920,204,2,'1',NULL),(921,204,3,'1',NULL),(922,204,4,'1',NULL),(923,204,5,'1',NULL),(924,204,6,'1',NULL),(925,204,7,'1',NULL),(926,204,8,'1',NULL),(927,204,9,'1',NULL),(928,204,10,'1',NULL),(929,204,11,'1',NULL),(930,204,12,'1',NULL),(931,204,13,'1',NULL),(932,204,14,'1',NULL),(933,204,15,'1',NULL),(934,204,16,'1',NULL),(935,204,17,'1',NULL),(936,204,18,'1',NULL),(937,205,1,'1',NULL),(938,205,2,'1',NULL),(939,205,3,'1',NULL),(940,205,4,'1',NULL),(941,205,5,'1',NULL),(942,205,6,'1',NULL),(943,205,7,'1',NULL),(944,205,8,'1',NULL),(945,205,9,'1',NULL),(946,205,10,'1',NULL),(947,205,11,'1',NULL),(948,205,12,'1',NULL),(949,205,13,'1',NULL),(950,205,14,'1',NULL),(951,205,15,'1',NULL),(952,205,16,'1',NULL),(953,205,17,'1',NULL),(954,205,18,'1',NULL),(955,206,1,'1',NULL),(956,206,2,'1',NULL),(957,206,3,'1',NULL),(958,206,4,'1',NULL),(959,206,5,'1',NULL),(960,206,6,'1',NULL),(961,206,7,'1',NULL),(962,206,8,'1',NULL),(963,206,9,'1',NULL),(964,206,10,'1',NULL),(965,206,11,'1',NULL),(966,206,12,'1',NULL),(967,206,13,'1',NULL),(968,206,14,'1',NULL),(969,206,15,'1',NULL),(970,206,16,'1',NULL),(971,206,17,'1',NULL),(972,206,18,'1',NULL),(973,207,1,'1',NULL),(974,207,2,'1',NULL),(975,207,3,'1',NULL),(976,207,4,'1',NULL),(977,207,5,'1',NULL),(978,207,6,'1',NULL),(979,207,7,'1',NULL),(980,207,8,'1',NULL),(981,207,9,'1',NULL),(982,207,10,'1',NULL),(983,207,11,'1',NULL),(984,207,12,'1',NULL),(985,207,13,'1',NULL),(986,207,14,'1',NULL),(987,207,15,'1',NULL),(988,207,16,'1',NULL),(989,207,17,'1',NULL),(990,207,18,'1',NULL),(991,208,1,'1',NULL),(992,208,2,'1',NULL),(993,208,3,'1',NULL),(994,208,4,'1',NULL),(995,208,5,'1',NULL),(996,208,6,'1',NULL),(997,208,7,'1',NULL),(998,208,8,'1',NULL),(999,208,9,'1',NULL),(1000,208,10,'1',NULL),(1001,208,11,'1',NULL),(1002,208,12,'1',NULL),(1003,208,13,'1',NULL),(1004,208,14,'1',NULL),(1005,208,15,'1',NULL),(1006,208,16,'1',NULL),(1007,208,17,'1',NULL),(1008,208,18,'1',NULL),(1009,209,1,'1',NULL),(1010,209,2,'1',NULL),(1011,209,3,'1',NULL),(1012,209,4,'1',NULL),(1013,209,5,'1',NULL),(1014,209,6,'1',NULL),(1015,209,7,'1',NULL),(1016,209,8,'1',NULL),(1017,209,9,'1',NULL),(1018,209,10,'1',NULL),(1019,209,11,'1',NULL),(1020,209,12,'1',NULL),(1021,209,13,'1',NULL),(1022,209,14,'1',NULL),(1023,209,15,'1',NULL),(1024,209,16,'1',NULL),(1025,209,17,'1',NULL),(1026,209,18,'1',NULL),(1027,210,1,'1',NULL),(1028,210,2,'1',NULL),(1029,210,3,'1',NULL),(1030,210,4,'1',NULL),(1031,210,5,'1',NULL),(1032,210,6,'1',NULL),(1033,210,7,'1',NULL),(1034,210,8,'1',NULL),(1035,210,9,'1',NULL),(1036,210,10,'1',NULL),(1037,210,11,'1',NULL),(1038,210,12,'1',NULL),(1039,210,13,'1',NULL),(1040,210,14,'1',NULL),(1041,210,15,'1',NULL),(1042,210,16,'1',NULL),(1043,210,17,'1',NULL),(1044,210,18,'1',NULL),(1045,211,1,'1',NULL),(1046,211,2,'1',NULL),(1047,211,3,'1',NULL),(1048,211,4,'1',NULL),(1049,211,5,'1',NULL),(1050,211,6,'1',NULL),(1051,211,7,'1',NULL),(1052,211,8,'1',NULL),(1053,211,9,'1',NULL),(1054,211,10,'1',NULL),(1055,211,11,'1',NULL),(1056,211,12,'1',NULL),(1057,211,13,'1',NULL),(1058,211,14,'1',NULL),(1059,211,15,'1',NULL),(1060,211,16,'1',NULL),(1061,211,17,'1',NULL),(1062,211,18,'1',NULL),(1063,212,1,'1',NULL),(1064,212,2,'1',NULL),(1065,212,3,'1',NULL),(1066,212,4,'1',NULL),(1067,212,5,'1',NULL),(1068,212,6,'1',NULL),(1069,212,7,'1',NULL),(1070,212,8,'1',NULL),(1071,212,9,'1',NULL),(1072,212,10,'1',NULL),(1073,212,11,'1',NULL),(1074,212,12,'1',NULL),(1075,212,13,'1',NULL),(1076,212,14,'1',NULL),(1077,212,15,'1',NULL),(1078,212,16,'1',NULL),(1079,212,17,'1',NULL),(1080,212,18,'1',NULL),(1081,213,1,'1',NULL),(1082,213,2,'1',NULL),(1083,213,3,'1',NULL),(1084,213,4,'1',NULL),(1085,213,5,'1',NULL),(1086,213,6,'1',NULL),(1087,213,7,'1',NULL),(1088,213,8,'1',NULL),(1089,213,9,'1',NULL),(1090,213,10,'1',NULL),(1091,213,11,'1',NULL),(1092,213,12,'1',NULL),(1093,213,13,'1',NULL),(1094,213,14,'1',NULL),(1095,213,15,'1',NULL),(1096,213,16,'1',NULL),(1097,213,17,'1',NULL),(1098,213,18,'1',NULL),(1099,214,1,'1',NULL),(1100,214,2,'1',NULL),(1101,214,3,'1',NULL),(1102,214,4,'1',NULL),(1103,214,5,'1',NULL),(1104,214,6,'1',NULL),(1105,214,7,'1',NULL),(1106,214,8,'1',NULL),(1107,214,9,'1',NULL),(1108,214,10,'1',NULL),(1109,214,11,'1',NULL),(1110,214,12,'1',NULL),(1111,214,13,'1',NULL),(1112,214,14,'1',NULL),(1113,214,15,'1',NULL),(1114,214,16,'1',NULL),(1115,214,17,'1',NULL),(1116,214,18,'1',NULL),(1117,215,1,'1',NULL),(1118,215,2,'1',NULL),(1119,215,3,'1',NULL),(1120,215,4,'1',NULL),(1121,215,5,'1',NULL),(1122,215,6,'1',NULL),(1123,215,7,'1',NULL),(1124,215,8,'1',NULL),(1125,215,9,'1',NULL),(1126,215,10,'1',NULL),(1127,215,11,'1',NULL),(1128,215,12,'1',NULL),(1129,215,13,'1',NULL),(1130,215,14,'1',NULL),(1131,215,15,'1',NULL),(1132,215,16,'1',NULL),(1133,215,17,'1',NULL),(1134,215,18,'1',NULL),(1135,216,1,'1',NULL),(1136,216,2,'1',NULL),(1137,216,3,'1',NULL),(1138,216,4,'1',NULL),(1139,216,5,'1',NULL),(1140,216,6,'1',NULL),(1141,216,7,'1',NULL),(1142,216,8,'1',NULL),(1143,216,9,'1',NULL),(1144,216,10,'1',NULL),(1145,216,11,'1',NULL),(1146,216,12,'1',NULL),(1147,216,13,'1',NULL),(1148,216,14,'1',NULL),(1149,216,15,'1',NULL),(1150,216,16,'1',NULL),(1151,216,17,'1',NULL),(1152,216,18,'1',NULL),(1153,217,1,'1',NULL),(1154,217,2,'1',NULL),(1155,217,3,'1',NULL),(1156,217,4,'1',NULL),(1157,217,5,'1',NULL),(1158,217,6,'1',NULL),(1159,217,7,'1',NULL),(1160,217,8,'1',NULL),(1161,217,9,'1',NULL),(1162,217,10,'1',NULL),(1163,217,11,'1',NULL),(1164,217,12,'1',NULL),(1165,217,13,'1',NULL),(1166,217,14,'1',NULL),(1167,217,15,'1',NULL),(1168,217,16,'1',NULL),(1169,217,17,'1',NULL),(1170,217,18,'1',NULL),(1171,218,1,'1',NULL),(1172,218,2,'1',NULL),(1173,218,3,'1',NULL),(1174,218,4,'1',NULL),(1175,218,5,'1',NULL),(1176,218,6,'1',NULL),(1177,218,7,'1',NULL),(1178,218,8,'1',NULL),(1179,218,9,'1',NULL),(1180,218,10,'1',NULL),(1181,218,11,'1',NULL),(1182,218,12,'1',NULL),(1183,218,13,'1',NULL),(1184,218,14,'1',NULL),(1185,218,15,'1',NULL),(1186,218,16,'1',NULL),(1187,218,17,'1',NULL),(1188,218,18,'1',NULL),(1189,219,1,'1',NULL),(1190,219,2,'1',NULL),(1191,219,3,'1',NULL),(1192,219,4,'1',NULL),(1193,219,5,'1',NULL),(1194,219,6,'1',NULL),(1195,219,7,'1',NULL),(1196,219,8,'1',NULL),(1197,219,9,'1',NULL),(1198,219,10,'1',NULL),(1199,219,11,'1',NULL),(1200,219,12,'1',NULL),(1201,219,13,'1',NULL),(1202,219,14,'1',NULL),(1203,219,15,'1',NULL),(1204,219,16,'1',NULL),(1205,219,17,'1',NULL),(1206,219,18,'1',NULL),(1207,220,1,'1',NULL),(1208,220,2,'1',NULL),(1209,220,3,'1',NULL),(1210,220,4,'1',NULL),(1211,220,5,'1',NULL),(1212,220,6,'1',NULL),(1213,220,7,'1',NULL),(1214,220,8,'1',NULL),(1215,220,9,'1',NULL),(1216,220,10,'1',NULL),(1217,220,11,'1',NULL),(1218,220,12,'1',NULL),(1219,220,13,'1',NULL),(1220,220,14,'1',NULL),(1221,220,15,'1',NULL),(1222,220,16,'1',NULL),(1223,220,17,'1',NULL),(1224,220,18,'1',NULL),(1225,221,1,'1',NULL),(1226,221,2,'1',NULL),(1227,221,3,'1',NULL),(1228,221,4,'1',NULL),(1229,221,5,'1',NULL),(1230,221,6,'1',NULL),(1231,221,7,'1',NULL),(1232,221,8,'1',NULL),(1233,221,9,'1',NULL),(1234,221,10,'1',NULL),(1235,221,11,'1',NULL),(1236,221,12,'1',NULL),(1237,221,13,'1',NULL),(1238,221,14,'1',NULL),(1239,221,15,'1',NULL),(1240,221,16,'1',NULL),(1241,221,17,'1',NULL),(1242,221,18,'1',NULL),(1243,222,1,'1',NULL),(1244,222,2,'1',NULL),(1245,222,3,'1',NULL),(1246,222,4,'1',NULL),(1247,222,5,'1',NULL),(1248,222,6,'1',NULL),(1249,222,7,'1',NULL),(1250,222,8,'1',NULL),(1251,222,9,'1',NULL),(1252,222,10,'1',NULL),(1253,222,11,'1',NULL),(1254,222,12,'1',NULL),(1255,222,13,'1',NULL),(1256,222,14,'1',NULL),(1257,222,15,'1',NULL),(1258,222,16,'1',NULL),(1259,222,17,'1',NULL),(1260,222,18,'1',NULL),(1261,223,1,'1',NULL),(1262,223,2,'1',NULL),(1263,223,3,'1',NULL),(1264,223,4,'1',NULL),(1265,223,5,'1',NULL),(1266,223,6,'1',NULL),(1267,223,7,'1',NULL),(1268,223,8,'1',NULL),(1269,223,9,'1',NULL),(1270,223,10,'1',NULL),(1271,223,11,'1',NULL),(1272,223,12,'1',NULL),(1273,223,13,'1',NULL),(1274,223,14,'1',NULL),(1275,223,15,'1',NULL),(1276,223,16,'1',NULL),(1277,223,17,'1',NULL),(1278,223,18,'1',NULL),(1279,224,1,'1',NULL),(1280,224,2,'1',NULL),(1281,224,3,'1',NULL),(1282,224,4,'1',NULL),(1283,224,5,'1',NULL),(1284,224,6,'1',NULL),(1285,224,7,'1',NULL),(1286,224,8,'1',NULL),(1287,224,9,'1',NULL),(1288,224,10,'1',NULL),(1289,224,11,'1',NULL),(1290,224,12,'1',NULL),(1291,224,13,'1',NULL),(1292,224,14,'1',NULL),(1293,224,15,'1',NULL),(1294,224,16,'1',NULL),(1295,224,17,'1',NULL),(1296,224,18,'1',NULL),(1297,225,1,'1',NULL),(1298,225,2,'1',NULL),(1299,225,3,'1',NULL),(1300,225,4,'1',NULL),(1301,225,5,'1',NULL),(1302,225,6,'1',NULL),(1303,225,7,'1',NULL),(1304,225,8,'1',NULL),(1305,225,9,'1',NULL),(1306,225,10,'1',NULL),(1307,225,11,'1',NULL),(1308,225,12,'1',NULL),(1309,225,13,'1',NULL),(1310,225,14,'1',NULL),(1311,225,15,'1',NULL),(1312,225,16,'1',NULL),(1313,225,17,'1',NULL),(1314,225,18,'1',NULL),(1315,226,1,'1',NULL),(1316,226,2,'1',NULL),(1317,226,3,'1',NULL),(1318,226,4,'1',NULL),(1319,226,5,'1',NULL),(1320,226,6,'1',NULL),(1321,226,7,'1',NULL),(1322,226,8,'1',NULL),(1323,226,9,'1',NULL),(1324,226,10,'1',NULL),(1325,226,11,'1',NULL),(1326,226,12,'1',NULL),(1327,226,13,'1',NULL),(1328,226,14,'1',NULL),(1329,226,15,'1',NULL),(1330,226,16,'1',NULL),(1331,226,17,'1',NULL),(1332,226,18,'1',NULL),(1333,1,1,'1',NULL),(1334,1,2,'1',NULL),(1335,1,3,'1',NULL),(1336,1,4,'1',NULL),(1337,1,5,'1',NULL),(1338,1,6,'1',NULL),(1339,1,7,'1',NULL),(1340,1,8,'1',NULL),(1341,1,9,'1',NULL),(1342,1,10,'1',NULL),(1343,1,11,'1',NULL),(1344,1,12,'1',NULL),(1345,1,13,'1',NULL),(1346,1,14,'1',NULL),(1347,1,15,'1',NULL),(1348,1,16,'1',NULL),(1349,1,17,'1',NULL),(1350,1,18,'1',NULL),(1351,2,1,'1',NULL),(1352,2,2,'1',NULL),(1353,2,3,'1',NULL),(1354,2,4,'1',NULL),(1355,2,5,'1',NULL),(1356,2,6,'1',NULL),(1357,2,7,'1',NULL),(1358,2,8,'1',NULL),(1359,2,9,'1',NULL),(1360,2,10,'1',NULL),(1361,2,11,'1',NULL),(1362,2,12,'1',NULL),(1363,2,13,'1',NULL),(1364,2,14,'1',NULL),(1365,2,15,'1',NULL),(1366,2,16,'1',NULL),(1367,2,17,'1',NULL),(1368,2,18,'1',NULL),(1369,3,1,'1',NULL),(1370,3,2,'1',NULL),(1371,3,3,'1',NULL),(1372,3,4,'1',NULL),(1373,3,5,'1',NULL),(1374,3,6,'1',NULL),(1375,3,7,'1',NULL),(1376,3,8,'1',NULL),(1377,3,9,'1',NULL),(1378,3,10,'1',NULL),(1379,3,11,'1',NULL),(1380,3,12,'1',NULL),(1381,3,13,'1',NULL),(1382,3,14,'1',NULL),(1383,3,15,'1',NULL),(1384,3,16,'1',NULL),(1385,3,17,'1',NULL),(1386,3,18,'1',NULL),(1387,4,1,'1',NULL),(1388,4,2,'1',NULL),(1389,4,3,'1',NULL),(1390,4,4,'1',NULL),(1391,4,5,'1',NULL),(1392,4,6,'1',NULL),(1393,4,7,'1',NULL),(1394,4,8,'1',NULL),(1395,4,9,'1',NULL),(1396,4,10,'1',NULL),(1397,4,11,'1',NULL),(1398,4,12,'1',NULL),(1399,4,13,'1',NULL),(1400,4,14,'1',NULL),(1401,4,15,'1',NULL),(1402,4,16,'1',NULL),(1403,4,17,'1',NULL),(1404,4,18,'1',NULL),(1405,5,1,'1',NULL),(1406,5,2,'1',NULL),(1407,5,3,'1',NULL),(1408,5,4,'1',NULL),(1409,5,5,'1',NULL),(1410,5,6,'1',NULL),(1411,5,7,'1',NULL),(1412,5,8,'1',NULL),(1413,5,9,'1',NULL),(1414,5,10,'1',NULL),(1415,5,11,'1',NULL),(1416,5,12,'1',NULL),(1417,5,13,'1',NULL),(1418,5,14,'1',NULL),(1419,5,15,'1',NULL),(1420,5,16,'1',NULL),(1421,5,17,'1',NULL),(1422,5,18,'1',NULL),(1423,6,1,'1',NULL),(1424,6,2,'1',NULL),(1425,6,3,'1',NULL),(1426,6,4,'1',NULL),(1427,6,5,'1',NULL),(1428,6,6,'1',NULL),(1429,6,7,'1',NULL),(1430,6,8,'1',NULL),(1431,6,9,'1',NULL),(1432,6,10,'1',NULL),(1433,6,11,'1',NULL),(1434,6,12,'1',NULL),(1435,6,13,'1',NULL),(1436,6,14,'1',NULL),(1437,6,15,'1',NULL),(1438,6,16,'1',NULL),(1439,6,17,'1',NULL),(1440,6,18,'1',NULL),(1441,7,1,'1',NULL),(1442,7,2,'1',NULL),(1443,7,3,'1',NULL),(1444,7,4,'1',NULL),(1445,7,5,'1',NULL),(1446,7,6,'1',NULL),(1447,7,7,'1',NULL),(1448,7,8,'1',NULL),(1449,7,9,'1',NULL),(1450,7,10,'1',NULL),(1451,7,11,'1',NULL),(1452,7,12,'1',NULL),(1453,7,13,'1',NULL),(1454,7,14,'1',NULL),(1455,7,15,'1',NULL),(1456,7,16,'1',NULL),(1457,7,17,'1',NULL),(1458,7,18,'1',NULL),(1459,8,1,'1',NULL),(1460,8,2,'1',NULL),(1461,8,3,'1',NULL),(1462,8,4,'1',NULL),(1463,8,5,'1',NULL),(1464,8,6,'1',NULL),(1465,8,7,'1',NULL),(1466,8,8,'1',NULL),(1467,8,9,'1',NULL),(1468,8,10,'1',NULL),(1469,8,11,'1',NULL),(1470,8,12,'1',NULL),(1471,8,13,'1',NULL),(1472,8,14,'1',NULL),(1473,8,15,'1',NULL),(1474,8,16,'1',NULL),(1475,8,17,'1',NULL),(1476,8,18,'1',NULL),(1477,9,1,'1',NULL),(1478,9,2,'1',NULL),(1479,9,3,'1',NULL),(1480,9,4,'1',NULL),(1481,9,5,'1',NULL),(1482,9,6,'1',NULL),(1483,9,7,'1',NULL),(1484,9,8,'1',NULL),(1485,9,9,'1',NULL),(1486,9,10,'1',NULL),(1487,9,11,'1',NULL),(1488,9,12,'1',NULL),(1489,9,13,'1',NULL),(1490,9,14,'1',NULL),(1491,9,15,'1',NULL),(1492,9,16,'1',NULL),(1493,9,17,'1',NULL),(1494,9,18,'1',NULL),(1495,10,1,'1',NULL),(1496,10,2,'1',NULL),(1497,10,3,'1',NULL),(1498,10,4,'1',NULL),(1499,10,5,'1',NULL),(1500,10,6,'1',NULL),(1501,10,7,'1',NULL),(1502,10,8,'1',NULL),(1503,10,9,'1',NULL),(1504,10,10,'1',NULL),(1505,10,11,'1',NULL),(1506,10,12,'1',NULL),(1507,10,13,'1',NULL),(1508,10,14,'1',NULL),(1509,10,15,'1',NULL),(1510,10,16,'1',NULL),(1511,10,17,'1',NULL),(1512,10,18,'1',NULL),(1513,11,1,'1',NULL),(1514,11,2,'1',NULL),(1515,11,3,'1',NULL),(1516,11,4,'1',NULL),(1517,11,5,'1',NULL),(1518,11,6,'1',NULL),(1519,11,7,'1',NULL),(1520,11,8,'1',NULL),(1521,11,9,'1',NULL),(1522,11,10,'1',NULL),(1523,11,11,'1',NULL),(1524,11,12,'1',NULL),(1525,11,13,'1',NULL),(1526,11,14,'1',NULL),(1527,11,15,'1',NULL),(1528,11,16,'1',NULL),(1529,11,17,'1',NULL),(1530,11,18,'1',NULL),(1531,12,1,'1',NULL),(1532,12,2,'1',NULL),(1533,12,3,'1',NULL),(1534,12,4,'1',NULL),(1535,12,5,'1',NULL),(1536,12,6,'1',NULL),(1537,12,7,'1',NULL),(1538,12,8,'1',NULL),(1539,12,9,'1',NULL),(1540,12,10,'1',NULL),(1541,12,11,'1',NULL),(1542,12,12,'1',NULL),(1543,12,13,'1',NULL),(1544,12,14,'1',NULL),(1545,12,15,'1',NULL),(1546,12,16,'1',NULL),(1547,12,17,'1',NULL),(1548,12,18,'1',NULL),(1549,13,1,'1',NULL),(1550,13,2,'1',NULL),(1551,13,3,'1',NULL),(1552,13,4,'1',NULL),(1553,13,5,'1',NULL),(1554,13,6,'1',NULL),(1555,13,7,'1',NULL),(1556,13,8,'1',NULL),(1557,13,9,'1',NULL),(1558,13,10,'1',NULL),(1559,13,11,'1',NULL),(1560,13,12,'1',NULL),(1561,13,13,'1',NULL),(1562,13,14,'1',NULL),(1563,13,15,'1',NULL),(1564,13,16,'1',NULL),(1565,13,17,'1',NULL),(1566,13,18,'1',NULL),(1567,14,1,'1',NULL),(1568,14,2,'1',NULL),(1569,14,3,'1',NULL),(1570,14,4,'1',NULL),(1571,14,5,'1',NULL),(1572,14,6,'1',NULL),(1573,14,7,'1',NULL),(1574,14,8,'1',NULL),(1575,14,9,'1',NULL),(1576,14,10,'1',NULL),(1577,14,11,'1',NULL),(1578,14,12,'1',NULL),(1579,14,13,'1',NULL),(1580,14,14,'1',NULL),(1581,14,15,'1',NULL),(1582,14,16,'1',NULL),(1583,14,17,'1',NULL),(1584,14,18,'1',NULL),(1585,15,1,'1',NULL),(1586,15,2,'1',NULL),(1587,15,3,'1',NULL),(1588,15,4,'1',NULL),(1589,15,5,'1',NULL),(1590,15,6,'1',NULL),(1591,15,7,'1',NULL),(1592,15,8,'1',NULL),(1593,15,9,'1',NULL),(1594,15,10,'1',NULL),(1595,15,11,'1',NULL),(1596,15,12,'1',NULL),(1597,15,13,'1',NULL),(1598,15,14,'1',NULL),(1599,15,15,'1',NULL),(1600,15,16,'1',NULL),(1601,15,17,'1',NULL),(1602,15,18,'1',NULL),(1603,16,1,'1',NULL),(1604,16,2,'1',NULL),(1605,16,3,'1',NULL),(1606,16,4,'1',NULL),(1607,16,5,'1',NULL),(1608,16,6,'1',NULL),(1609,16,7,'1',NULL),(1610,16,8,'1',NULL),(1611,16,9,'1',NULL),(1612,16,10,'1',NULL),(1613,16,11,'1',NULL),(1614,16,12,'1',NULL),(1615,16,13,'1',NULL),(1616,16,14,'1',NULL),(1617,16,15,'1',NULL),(1618,16,16,'1',NULL),(1619,16,17,'1',NULL),(1620,16,18,'1',NULL),(1621,17,1,'1',NULL),(1622,17,2,'1',NULL),(1623,17,3,'1',NULL),(1624,17,4,'1',NULL),(1625,17,5,'1',NULL),(1626,17,6,'1',NULL),(1627,17,7,'1',NULL),(1628,17,8,'1',NULL),(1629,17,9,'1',NULL),(1630,17,10,'1',NULL),(1631,17,11,'1',NULL),(1632,17,12,'1',NULL),(1633,17,13,'1',NULL),(1634,17,14,'1',NULL),(1635,17,15,'1',NULL),(1636,17,16,'1',NULL),(1637,17,17,'1',NULL),(1638,17,18,'1',NULL),(1639,18,1,'1',NULL),(1640,18,2,'1',NULL),(1641,18,3,'1',NULL),(1642,18,4,'1',NULL),(1643,18,5,'1',NULL),(1644,18,6,'1',NULL),(1645,18,7,'1',NULL),(1646,18,8,'1',NULL),(1647,18,9,'1',NULL),(1648,18,10,'1',NULL),(1649,18,11,'1',NULL),(1650,18,12,'1',NULL),(1651,18,13,'1',NULL),(1652,18,14,'1',NULL),(1653,18,15,'1',NULL),(1654,18,16,'1',NULL),(1655,18,17,'1',NULL),(1656,18,18,'1',NULL),(1657,19,1,'1',NULL),(1658,19,2,'1',NULL),(1659,19,3,'1',NULL),(1660,19,4,'1',NULL),(1661,19,5,'1',NULL),(1662,19,6,'1',NULL),(1663,19,7,'1',NULL),(1664,19,8,'1',NULL),(1665,19,9,'1',NULL),(1666,19,10,'1',NULL),(1667,19,11,'1',NULL),(1668,19,12,'1',NULL),(1669,19,13,'1',NULL),(1670,19,14,'1',NULL),(1671,19,15,'1',NULL),(1672,19,16,'1',NULL),(1673,19,17,'1',NULL),(1674,19,18,'1',NULL),(1675,20,1,'1',NULL),(1676,20,2,'1',NULL),(1677,20,3,'1',NULL),(1678,20,4,'1',NULL),(1679,20,5,'1',NULL),(1680,20,6,'1',NULL),(1681,20,7,'1',NULL),(1682,20,8,'1',NULL),(1683,20,9,'1',NULL),(1684,20,10,'1',NULL),(1685,20,11,'1',NULL),(1686,20,12,'1',NULL),(1687,20,13,'1',NULL),(1688,20,14,'1',NULL),(1689,20,15,'1',NULL),(1690,20,16,'1',NULL),(1691,20,17,'1',NULL),(1692,20,18,'1',NULL),(1693,21,1,'1',NULL),(1694,21,2,'1',NULL),(1695,21,3,'1',NULL),(1696,21,4,'1',NULL),(1697,21,5,'1',NULL),(1698,21,6,'1',NULL),(1699,21,7,'1',NULL),(1700,21,8,'1',NULL),(1701,21,9,'1',NULL),(1702,21,10,'1',NULL),(1703,21,11,'1',NULL),(1704,21,12,'1',NULL),(1705,21,13,'1',NULL),(1706,21,14,'1',NULL),(1707,21,15,'1',NULL),(1708,21,16,'1',NULL),(1709,21,17,'1',NULL),(1710,21,18,'1',NULL),(1711,22,1,'1',NULL),(1712,22,2,'1',NULL),(1713,22,3,'1',NULL),(1714,22,4,'1',NULL),(1715,22,5,'1',NULL),(1716,22,6,'1',NULL),(1717,22,7,'1',NULL),(1718,22,8,'1',NULL),(1719,22,9,'1',NULL),(1720,22,10,'1',NULL),(1721,22,11,'1',NULL),(1722,22,12,'1',NULL),(1723,22,13,'1',NULL),(1724,22,14,'1',NULL),(1725,22,15,'1',NULL),(1726,22,16,'1',NULL),(1727,22,17,'1',NULL),(1728,22,18,'1',NULL),(1729,23,1,'1',NULL),(1730,23,2,'1',NULL),(1731,23,3,'1',NULL),(1732,23,4,'1',NULL),(1733,23,5,'1',NULL),(1734,23,6,'1',NULL),(1735,23,7,'1',NULL),(1736,23,8,'1',NULL),(1737,23,9,'1',NULL),(1738,23,10,'1',NULL),(1739,23,11,'1',NULL),(1740,23,12,'1',NULL),(1741,23,13,'1',NULL),(1742,23,14,'1',NULL),(1743,23,15,'1',NULL),(1744,23,16,'1',NULL),(1745,23,17,'1',NULL),(1746,23,18,'1',NULL),(1747,24,1,'1',NULL),(1748,24,2,'1',NULL),(1749,24,3,'1',NULL),(1750,24,4,'1',NULL),(1751,24,5,'1',NULL),(1752,24,6,'1',NULL),(1753,24,7,'1',NULL),(1754,24,8,'1',NULL),(1755,24,9,'1',NULL),(1756,24,10,'1',NULL),(1757,24,11,'1',NULL),(1758,24,12,'1',NULL),(1759,24,13,'1',NULL),(1760,24,14,'1',NULL),(1761,24,15,'1',NULL),(1762,24,16,'1',NULL),(1763,24,17,'1',NULL),(1764,24,18,'1',NULL),(1765,25,1,'1',NULL),(1766,25,2,'1',NULL),(1767,25,3,'1',NULL),(1768,25,4,'1',NULL),(1769,25,5,'1',NULL),(1770,25,6,'1',NULL),(1771,25,7,'1',NULL),(1772,25,8,'1',NULL),(1773,25,9,'1',NULL),(1774,25,10,'1',NULL),(1775,25,11,'1',NULL),(1776,25,12,'1',NULL),(1777,25,13,'1',NULL),(1778,25,14,'1',NULL),(1779,25,15,'1',NULL),(1780,25,16,'1',NULL),(1781,25,17,'1',NULL),(1782,25,18,'1',NULL),(1783,26,1,'1',NULL),(1784,26,2,'1',NULL),(1785,26,3,'1',NULL),(1786,26,4,'1',NULL),(1787,26,5,'1',NULL),(1788,26,6,'1',NULL),(1789,26,7,'1',NULL),(1790,26,8,'1',NULL),(1791,26,9,'1',NULL),(1792,26,10,'1',NULL),(1793,26,11,'1',NULL),(1794,26,12,'1',NULL),(1795,26,13,'1',NULL),(1796,26,14,'1',NULL),(1797,26,15,'1',NULL),(1798,26,16,'1',NULL),(1799,26,17,'1',NULL),(1800,26,18,'1',NULL),(1801,27,1,'1',NULL),(1802,27,2,'1',NULL),(1803,27,3,'1',NULL),(1804,27,4,'1',NULL),(1805,27,5,'1',NULL),(1806,27,6,'1',NULL),(1807,27,7,'1',NULL),(1808,27,8,'1',NULL),(1809,27,9,'1',NULL),(1810,27,10,'1',NULL),(1811,27,11,'1',NULL),(1812,27,12,'1',NULL),(1813,27,13,'1',NULL),(1814,27,14,'1',NULL),(1815,27,15,'1',NULL),(1816,27,16,'1',NULL),(1817,27,17,'1',NULL),(1818,27,18,'1',NULL),(1819,28,1,'1',NULL),(1820,28,2,'1',NULL),(1821,28,3,'1',NULL),(1822,28,4,'1',NULL),(1823,28,5,'1',NULL),(1824,28,6,'1',NULL),(1825,28,7,'1',NULL),(1826,28,8,'1',NULL),(1827,28,9,'1',NULL),(1828,28,10,'1',NULL),(1829,28,11,'1',NULL),(1830,28,12,'1',NULL),(1831,28,13,'1',NULL),(1832,28,14,'1',NULL),(1833,28,15,'1',NULL),(1834,28,16,'1',NULL),(1835,28,17,'1',NULL),(1836,28,18,'1',NULL),(1837,29,1,'1',NULL),(1838,29,2,'1',NULL),(1839,29,3,'1',NULL),(1840,29,4,'1',NULL),(1841,29,5,'1',NULL),(1842,29,6,'1',NULL),(1843,29,7,'1',NULL),(1844,29,8,'1',NULL),(1845,29,9,'1',NULL),(1846,29,10,'1',NULL),(1847,29,11,'1',NULL),(1848,29,12,'1',NULL),(1849,29,13,'1',NULL),(1850,29,14,'1',NULL),(1851,29,15,'1',NULL),(1852,29,16,'1',NULL),(1853,29,17,'1',NULL),(1854,29,18,'1',NULL),(1855,30,1,'1',NULL),(1856,30,2,'1',NULL),(1857,30,3,'1',NULL),(1858,30,4,'1',NULL),(1859,30,5,'1',NULL),(1860,30,6,'1',NULL),(1861,30,7,'1',NULL),(1862,30,8,'1',NULL),(1863,30,9,'1',NULL),(1864,30,10,'1',NULL),(1865,30,11,'1',NULL),(1866,30,12,'1',NULL),(1867,30,13,'1',NULL),(1868,30,14,'1',NULL),(1869,30,15,'1',NULL),(1870,30,16,'1',NULL),(1871,30,17,'1',NULL),(1872,30,18,'1',NULL),(1873,31,1,'1',NULL),(1874,31,2,'1',NULL),(1875,31,3,'1',NULL),(1876,31,4,'1',NULL),(1877,31,5,'1',NULL),(1878,31,6,'1',NULL),(1879,31,7,'1',NULL),(1880,31,8,'1',NULL),(1881,31,9,'1',NULL),(1882,31,10,'1',NULL),(1883,31,11,'1',NULL),(1884,31,12,'1',NULL),(1885,31,13,'1',NULL),(1886,31,14,'1',NULL),(1887,31,15,'1',NULL),(1888,31,16,'1',NULL),(1889,31,17,'1',NULL),(1890,31,18,'1',NULL),(1891,32,1,'1',NULL),(1892,32,2,'1',NULL),(1893,32,3,'1',NULL),(1894,32,4,'1',NULL),(1895,32,5,'1',NULL),(1896,32,6,'1',NULL),(1897,32,7,'1',NULL),(1898,32,8,'1',NULL),(1899,32,9,'1',NULL),(1900,32,10,'1',NULL),(1901,32,11,'1',NULL),(1902,32,12,'1',NULL),(1903,32,13,'1',NULL),(1904,32,14,'1',NULL),(1905,32,15,'1',NULL),(1906,32,16,'1',NULL),(1907,32,17,'1',NULL),(1908,32,18,'1',NULL),(1909,33,1,'1',NULL),(1910,33,2,'1',NULL),(1911,33,3,'1',NULL),(1912,33,4,'1',NULL),(1913,33,5,'1',NULL),(1914,33,6,'1',NULL),(1915,33,7,'1',NULL),(1916,33,8,'1',NULL),(1917,33,9,'1',NULL),(1918,33,10,'1',NULL),(1919,33,11,'1',NULL),(1920,33,12,'1',NULL),(1921,33,13,'1',NULL),(1922,33,14,'1',NULL),(1923,33,15,'1',NULL),(1924,33,16,'1',NULL),(1925,33,17,'1',NULL),(1926,33,18,'1',NULL),(1927,34,1,'1',NULL),(1928,34,2,'1',NULL),(1929,34,3,'1',NULL),(1930,34,4,'1',NULL),(1931,34,5,'1',NULL),(1932,34,6,'1',NULL),(1933,34,7,'1',NULL),(1934,34,8,'1',NULL),(1935,34,9,'1',NULL),(1936,34,10,'1',NULL),(1937,34,11,'1',NULL),(1938,34,12,'1',NULL),(1939,34,13,'1',NULL),(1940,34,14,'1',NULL),(1941,34,15,'1',NULL),(1942,34,16,'1',NULL),(1943,34,17,'1',NULL),(1944,34,18,'1',NULL),(1945,35,1,'1',NULL),(1946,35,2,'1',NULL),(1947,35,3,'1',NULL),(1948,35,4,'1',NULL),(1949,35,5,'1',NULL),(1950,35,6,'1',NULL),(1951,35,7,'1',NULL),(1952,35,8,'1',NULL),(1953,35,9,'1',NULL),(1954,35,10,'1',NULL),(1955,35,11,'1',NULL),(1956,35,12,'1',NULL),(1957,35,13,'1',NULL),(1958,35,14,'1',NULL),(1959,35,15,'1',NULL),(1960,35,16,'1',NULL),(1961,35,17,'1',NULL),(1962,35,18,'1',NULL),(1963,36,1,'1',NULL),(1964,36,2,'1',NULL),(1965,36,3,'1',NULL),(1966,36,4,'1',NULL),(1967,36,5,'1',NULL),(1968,36,6,'1',NULL),(1969,36,7,'1',NULL),(1970,36,8,'1',NULL),(1971,36,9,'1',NULL),(1972,36,10,'1',NULL),(1973,36,11,'1',NULL),(1974,36,12,'1',NULL),(1975,36,13,'1',NULL),(1976,36,14,'1',NULL),(1977,36,15,'1',NULL),(1978,36,16,'1',NULL),(1979,36,17,'1',NULL),(1980,36,18,'1',NULL),(1981,37,1,'1',NULL),(1982,37,2,'1',NULL),(1983,37,3,'1',NULL),(1984,37,4,'1',NULL),(1985,37,5,'1',NULL),(1986,37,6,'1',NULL),(1987,37,7,'1',NULL),(1988,37,8,'1',NULL),(1989,37,9,'1',NULL),(1990,37,10,'1',NULL),(1991,37,11,'1',NULL),(1992,37,12,'1',NULL),(1993,37,13,'1',NULL),(1994,37,14,'1',NULL),(1995,37,15,'1',NULL),(1996,37,16,'1',NULL),(1997,37,17,'1',NULL),(1998,37,18,'1',NULL),(1999,64,1,'1',NULL),(2000,64,2,'1',NULL),(2001,64,3,'1',NULL),(2002,64,4,'1',NULL),(2003,64,5,'1',NULL),(2004,64,6,'1',NULL),(2005,64,7,'1',NULL),(2006,64,8,'1',NULL),(2007,64,9,'1',NULL),(2008,64,10,'1',NULL),(2009,64,11,'1',NULL),(2010,64,12,'1',NULL),(2011,64,13,'1',NULL),(2012,64,14,'1',NULL),(2013,64,15,'1',NULL),(2014,64,16,'1',NULL),(2015,64,17,'1',NULL),(2016,64,18,'1',NULL),(2017,65,1,'1',NULL),(2018,65,2,'1',NULL),(2019,65,3,'1',NULL),(2020,65,4,'1',NULL),(2021,65,5,'1',NULL),(2022,65,6,'1',NULL),(2023,65,7,'1',NULL),(2024,65,8,'1',NULL),(2025,65,9,'1',NULL),(2026,65,10,'1',NULL),(2027,65,11,'1',NULL),(2028,65,12,'1',NULL),(2029,65,13,'1',NULL),(2030,65,14,'1',NULL),(2031,65,15,'1',NULL),(2032,65,16,'1',NULL),(2033,65,17,'1',NULL),(2034,65,18,'1',NULL),(2035,66,1,'1',NULL),(2036,66,2,'1',NULL),(2037,66,3,'1',NULL),(2038,66,4,'1',NULL),(2039,66,5,'1',NULL),(2040,66,6,'1',NULL),(2041,66,7,'1',NULL),(2042,66,8,'1',NULL),(2043,66,9,'1',NULL),(2044,66,10,'1',NULL),(2045,66,11,'1',NULL),(2046,66,12,'1',NULL),(2047,66,13,'1',NULL),(2048,66,14,'1',NULL),(2049,66,15,'1',NULL),(2050,66,16,'1',NULL),(2051,66,17,'1',NULL),(2052,66,18,'1',NULL),(2053,67,1,'1',NULL),(2054,67,2,'1',NULL),(2055,67,3,'1',NULL),(2056,67,4,'1',NULL),(2057,67,5,'1',NULL),(2058,67,6,'1',NULL),(2059,67,7,'1',NULL),(2060,67,8,'1',NULL),(2061,67,9,'1',NULL),(2062,67,10,'1',NULL),(2063,67,11,'1',NULL),(2064,67,12,'1',NULL),(2065,67,13,'1',NULL),(2066,67,14,'1',NULL),(2067,67,15,'1',NULL),(2068,67,16,'1',NULL),(2069,67,17,'1',NULL),(2070,67,18,'1',NULL),(2071,68,1,'1',NULL),(2072,68,2,'1',NULL),(2073,68,3,'1',NULL),(2074,68,4,'1',NULL),(2075,68,5,'1',NULL),(2076,68,6,'1',NULL),(2077,68,7,'1',NULL),(2078,68,8,'1',NULL),(2079,68,9,'1',NULL),(2080,68,10,'1',NULL),(2081,68,11,'1',NULL),(2082,68,12,'1',NULL),(2083,68,13,'1',NULL),(2084,68,14,'1',NULL),(2085,68,15,'1',NULL),(2086,68,16,'1',NULL),(2087,68,17,'1',NULL),(2088,68,18,'1',NULL),(2089,69,1,'1',NULL),(2090,69,2,'1',NULL),(2091,69,3,'1',NULL),(2092,69,4,'1',NULL),(2093,69,5,'1',NULL),(2094,69,6,'1',NULL),(2095,69,7,'1',NULL),(2096,69,8,'1',NULL),(2097,69,9,'1',NULL),(2098,69,10,'1',NULL),(2099,69,11,'1',NULL),(2100,69,12,'1',NULL),(2101,69,13,'1',NULL),(2102,69,14,'1',NULL),(2103,69,15,'1',NULL),(2104,69,16,'1',NULL),(2105,69,17,'1',NULL),(2106,69,18,'1',NULL),(2107,70,1,'1',NULL),(2108,70,2,'1',NULL),(2109,70,3,'1',NULL),(2110,70,4,'1',NULL),(2111,70,5,'1',NULL),(2112,70,6,'1',NULL),(2113,70,7,'1',NULL),(2114,70,8,'1',NULL),(2115,70,9,'1',NULL),(2116,70,10,'1',NULL),(2117,70,11,'1',NULL),(2118,70,12,'1',NULL),(2119,70,13,'1',NULL),(2120,70,14,'1',NULL),(2121,70,15,'1',NULL),(2122,70,16,'1',NULL),(2123,70,17,'1',NULL),(2124,70,18,'1',NULL),(2125,71,1,'1',NULL),(2126,71,2,'1',NULL),(2127,71,3,'1',NULL),(2128,71,4,'1',NULL),(2129,71,5,'1',NULL),(2130,71,6,'1',NULL),(2131,71,7,'1',NULL),(2132,71,8,'1',NULL),(2133,71,9,'1',NULL),(2134,71,10,'1',NULL),(2135,71,11,'1',NULL),(2136,71,12,'1',NULL),(2137,71,13,'1',NULL),(2138,71,14,'1',NULL),(2139,71,15,'1',NULL),(2140,71,16,'1',NULL),(2141,71,17,'1',NULL),(2142,71,18,'1',NULL),(2143,72,1,'1',NULL),(2144,72,2,'1',NULL),(2145,72,3,'1',NULL),(2146,72,4,'1',NULL),(2147,72,5,'1',NULL),(2148,72,6,'1',NULL),(2149,72,7,'1',NULL),(2150,72,8,'1',NULL),(2151,72,9,'1',NULL),(2152,72,10,'1',NULL),(2153,72,11,'1',NULL),(2154,72,12,'1',NULL),(2155,72,13,'1',NULL),(2156,72,14,'1',NULL),(2157,72,15,'1',NULL),(2158,72,16,'1',NULL),(2159,72,17,'1',NULL),(2160,72,18,'1',NULL),(2161,73,1,'1',NULL),(2162,73,2,'1',NULL),(2163,73,3,'1',NULL),(2164,73,4,'1',NULL),(2165,73,5,'1',NULL),(2166,73,6,'1',NULL),(2167,73,7,'1',NULL),(2168,73,8,'1',NULL),(2169,73,9,'1',NULL),(2170,73,10,'1',NULL),(2171,73,11,'1',NULL),(2172,73,12,'1',NULL),(2173,73,13,'1',NULL),(2174,73,14,'1',NULL),(2175,73,15,'1',NULL),(2176,73,16,'1',NULL),(2177,73,17,'1',NULL),(2178,73,18,'1',NULL),(2179,74,1,'1',NULL),(2180,74,2,'1',NULL),(2181,74,3,'1',NULL),(2182,74,4,'1',NULL),(2183,74,5,'1',NULL),(2184,74,6,'1',NULL),(2185,74,7,'1',NULL),(2186,74,8,'1',NULL),(2187,74,9,'1',NULL),(2188,74,10,'1',NULL),(2189,74,11,'1',NULL),(2190,74,12,'1',NULL),(2191,74,13,'1',NULL),(2192,74,14,'1',NULL),(2193,74,15,'1',NULL),(2194,74,16,'1',NULL),(2195,74,17,'1',NULL),(2196,74,18,'1',NULL),(2197,75,1,'1',NULL),(2198,75,2,'1',NULL),(2199,75,3,'1',NULL),(2200,75,4,'1',NULL),(2201,75,5,'1',NULL),(2202,75,6,'1',NULL),(2203,75,7,'1',NULL),(2204,75,8,'1',NULL),(2205,75,9,'1',NULL),(2206,75,10,'1',NULL),(2207,75,11,'1',NULL),(2208,75,12,'1',NULL),(2209,75,13,'1',NULL),(2210,75,14,'1',NULL),(2211,75,15,'1',NULL),(2212,75,16,'1',NULL),(2213,75,17,'1',NULL),(2214,75,18,'1',NULL),(2215,76,1,'1',NULL),(2216,76,2,'1',NULL),(2217,76,3,'1',NULL),(2218,76,4,'1',NULL),(2219,76,5,'1',NULL),(2220,76,6,'1',NULL),(2221,76,7,'1',NULL),(2222,76,8,'1',NULL),(2223,76,9,'1',NULL),(2224,76,10,'1',NULL),(2225,76,11,'1',NULL),(2226,76,12,'1',NULL),(2227,76,13,'1',NULL),(2228,76,14,'1',NULL),(2229,76,15,'1',NULL),(2230,76,16,'1',NULL),(2231,76,17,'1',NULL),(2232,76,18,'1',NULL),(2233,77,1,'1',NULL),(2234,77,2,'1',NULL),(2235,77,3,'1',NULL),(2236,77,4,'1',NULL),(2237,77,5,'1',NULL),(2238,77,6,'1',NULL),(2239,77,7,'1',NULL),(2240,77,8,'1',NULL),(2241,77,9,'1',NULL),(2242,77,10,'1',NULL),(2243,77,11,'1',NULL),(2244,77,12,'1',NULL),(2245,77,13,'1',NULL),(2246,77,14,'1',NULL),(2247,77,15,'1',NULL),(2248,77,16,'1',NULL),(2249,77,17,'1',NULL),(2250,77,18,'1',NULL),(2251,78,1,'1',NULL),(2252,78,2,'1',NULL),(2253,78,3,'1',NULL),(2254,78,4,'1',NULL),(2255,78,5,'1',NULL),(2256,78,6,'1',NULL),(2257,78,7,'1',NULL),(2258,78,8,'1',NULL),(2259,78,9,'1',NULL),(2260,78,10,'1',NULL),(2261,78,11,'1',NULL),(2262,78,12,'1',NULL),(2263,78,13,'1',NULL),(2264,78,14,'1',NULL),(2265,78,15,'1',NULL),(2266,78,16,'1',NULL),(2267,78,17,'1',NULL),(2268,78,18,'1',NULL),(2269,79,1,'1',NULL),(2270,79,2,'1',NULL),(2271,79,3,'1',NULL),(2272,79,4,'1',NULL),(2273,79,5,'1',NULL),(2274,79,6,'1',NULL),(2275,79,7,'1',NULL),(2276,79,8,'1',NULL),(2277,79,9,'1',NULL),(2278,79,10,'1',NULL),(2279,79,11,'1',NULL),(2280,79,12,'1',NULL),(2281,79,13,'1',NULL),(2282,79,14,'1',NULL),(2283,79,15,'1',NULL),(2284,79,16,'1',NULL),(2285,79,17,'1',NULL),(2286,79,18,'1',NULL),(2287,80,1,'1',NULL),(2288,80,2,'1',NULL),(2289,80,3,'1',NULL),(2290,80,4,'1',NULL),(2291,80,5,'1',NULL),(2292,80,6,'1',NULL),(2293,80,7,'1',NULL),(2294,80,8,'1',NULL),(2295,80,9,'1',NULL),(2296,80,10,'1',NULL),(2297,80,11,'1',NULL),(2298,80,12,'1',NULL),(2299,80,13,'1',NULL),(2300,80,14,'1',NULL),(2301,80,15,'1',NULL),(2302,80,16,'1',NULL),(2303,80,17,'1',NULL),(2304,80,18,'1',NULL),(2305,81,1,'1',NULL),(2306,81,2,'1',NULL),(2307,81,3,'1',NULL),(2308,81,4,'1',NULL),(2309,81,5,'1',NULL),(2310,81,6,'1',NULL),(2311,81,7,'1',NULL),(2312,81,8,'1',NULL),(2313,81,9,'1',NULL),(2314,81,10,'1',NULL),(2315,81,11,'1',NULL),(2316,81,12,'1',NULL),(2317,81,13,'1',NULL),(2318,81,14,'1',NULL),(2319,81,15,'1',NULL),(2320,81,16,'1',NULL),(2321,81,17,'1',NULL),(2322,81,18,'1',NULL),(2323,82,1,'1',NULL),(2324,82,2,'1',NULL),(2325,82,3,'1',NULL),(2326,82,4,'1',NULL),(2327,82,5,'1',NULL),(2328,82,6,'1',NULL),(2329,82,7,'1',NULL),(2330,82,8,'1',NULL),(2331,82,9,'1',NULL),(2332,82,10,'1',NULL),(2333,82,11,'1',NULL),(2334,82,12,'1',NULL),(2335,82,13,'1',NULL),(2336,82,14,'1',NULL),(2337,82,15,'1',NULL),(2338,82,16,'1',NULL),(2339,82,17,'1',NULL),(2340,82,18,'1',NULL),(2341,83,1,'1',NULL),(2342,83,2,'1',NULL),(2343,83,3,'1',NULL),(2344,83,4,'1',NULL),(2345,83,5,'1',NULL),(2346,83,6,'1',NULL),(2347,83,7,'1',NULL),(2348,83,8,'1',NULL),(2349,83,9,'1',NULL),(2350,83,10,'1',NULL),(2351,83,11,'1',NULL),(2352,83,12,'1',NULL),(2353,83,13,'1',NULL),(2354,83,14,'1',NULL),(2355,83,15,'1',NULL),(2356,83,16,'1',NULL),(2357,83,17,'1',NULL),(2358,83,18,'1',NULL),(2359,84,1,'1',NULL),(2360,84,2,'1',NULL),(2361,84,3,'1',NULL),(2362,84,4,'1',NULL),(2363,84,5,'1',NULL),(2364,84,6,'1',NULL),(2365,84,7,'1',NULL),(2366,84,8,'1',NULL),(2367,84,9,'1',NULL),(2368,84,10,'1',NULL),(2369,84,11,'1',NULL),(2370,84,12,'1',NULL),(2371,84,13,'1',NULL),(2372,84,14,'1',NULL),(2373,84,15,'1',NULL),(2374,84,16,'1',NULL),(2375,84,17,'1',NULL),(2376,84,18,'1',NULL),(2377,85,1,'1',NULL),(2378,85,2,'1',NULL),(2379,85,3,'1',NULL),(2380,85,4,'1',NULL),(2381,85,5,'1',NULL),(2382,85,6,'1',NULL),(2383,85,7,'1',NULL),(2384,85,8,'1',NULL),(2385,85,9,'1',NULL),(2386,85,10,'1',NULL),(2387,85,11,'1',NULL),(2388,85,12,'1',NULL),(2389,85,13,'1',NULL),(2390,85,14,'1',NULL),(2391,85,15,'1',NULL),(2392,85,16,'1',NULL),(2393,85,17,'1',NULL),(2394,85,18,'1',NULL),(2395,86,1,'1',NULL),(2396,86,2,'1',NULL),(2397,86,3,'1',NULL),(2398,86,4,'1',NULL),(2399,86,5,'1',NULL),(2400,86,6,'1',NULL),(2401,86,7,'1',NULL),(2402,86,8,'1',NULL),(2403,86,9,'1',NULL),(2404,86,10,'1',NULL),(2405,86,11,'1',NULL),(2406,86,12,'1',NULL),(2407,86,13,'1',NULL),(2408,86,14,'1',NULL),(2409,86,15,'1',NULL),(2410,86,16,'1',NULL),(2411,86,17,'1',NULL),(2412,86,18,'1',NULL),(2413,87,1,'1',NULL),(2414,87,2,'1',NULL),(2415,87,3,'1',NULL),(2416,87,4,'1',NULL),(2417,87,5,'1',NULL),(2418,87,6,'1',NULL),(2419,87,7,'1',NULL),(2420,87,8,'1',NULL),(2421,87,9,'1',NULL),(2422,87,10,'1',NULL),(2423,87,11,'1',NULL),(2424,87,12,'1',NULL),(2425,87,13,'1',NULL),(2426,87,14,'1',NULL),(2427,87,15,'1',NULL),(2428,87,16,'1',NULL),(2429,87,17,'1',NULL),(2430,87,18,'1',NULL),(2431,88,1,'1',NULL),(2432,88,2,'1',NULL),(2433,88,3,'1',NULL),(2434,88,4,'1',NULL),(2435,88,5,'1',NULL),(2436,88,6,'1',NULL),(2437,88,7,'1',NULL),(2438,88,8,'1',NULL),(2439,88,9,'1',NULL),(2440,88,10,'1',NULL),(2441,88,11,'1',NULL),(2442,88,12,'1',NULL),(2443,88,13,'1',NULL),(2444,88,14,'1',NULL),(2445,88,15,'1',NULL),(2446,88,16,'1',NULL),(2447,88,17,'1',NULL),(2448,88,18,'1',NULL),(2449,89,1,'1',NULL),(2450,89,2,'1',NULL),(2451,89,3,'1',NULL),(2452,89,4,'1',NULL),(2453,89,5,'1',NULL),(2454,89,6,'1',NULL),(2455,89,7,'1',NULL),(2456,89,8,'1',NULL),(2457,89,9,'1',NULL),(2458,89,10,'1',NULL),(2459,89,11,'1',NULL),(2460,89,12,'1',NULL),(2461,89,13,'1',NULL),(2462,89,14,'1',NULL),(2463,89,15,'1',NULL),(2464,89,16,'1',NULL),(2465,89,17,'1',NULL),(2466,89,18,'1',NULL),(2467,90,1,'1',NULL),(2468,90,2,'1',NULL),(2469,90,3,'1',NULL),(2470,90,4,'1',NULL),(2471,90,5,'1',NULL),(2472,90,6,'1',NULL),(2473,90,7,'1',NULL),(2474,90,8,'1',NULL),(2475,90,9,'1',NULL),(2476,90,10,'1',NULL),(2477,90,11,'1',NULL),(2478,90,12,'1',NULL),(2479,90,13,'1',NULL),(2480,90,14,'1',NULL),(2481,90,15,'1',NULL),(2482,90,16,'1',NULL),(2483,90,17,'1',NULL),(2484,90,18,'1',NULL),(2485,91,1,'1',NULL),(2486,91,2,'1',NULL),(2487,91,3,'1',NULL),(2488,91,4,'1',NULL),(2489,91,5,'1',NULL),(2490,91,6,'1',NULL),(2491,91,7,'1',NULL),(2492,91,8,'1',NULL),(2493,91,9,'1',NULL),(2494,91,10,'1',NULL),(2495,91,11,'1',NULL),(2496,91,12,'1',NULL),(2497,91,13,'1',NULL),(2498,91,14,'1',NULL),(2499,91,15,'1',NULL),(2500,91,16,'1',NULL),(2501,91,17,'1',NULL),(2502,91,18,'1',NULL),(2503,92,1,'1',NULL),(2504,92,2,'1',NULL),(2505,92,3,'1',NULL),(2506,92,4,'1',NULL),(2507,92,5,'1',NULL),(2508,92,6,'1',NULL),(2509,92,7,'1',NULL),(2510,92,8,'1',NULL),(2511,92,9,'1',NULL),(2512,92,10,'1',NULL),(2513,92,11,'1',NULL),(2514,92,12,'1',NULL),(2515,92,13,'1',NULL),(2516,92,14,'1',NULL),(2517,92,15,'1',NULL),(2518,92,16,'1',NULL),(2519,92,17,'1',NULL),(2520,92,18,'1',NULL),(2521,93,1,'1',NULL),(2522,93,2,'1',NULL),(2523,93,3,'1',NULL),(2524,93,4,'1',NULL),(2525,93,5,'1',NULL),(2526,93,6,'1',NULL),(2527,93,7,'1',NULL),(2528,93,8,'1',NULL),(2529,93,9,'1',NULL),(2530,93,10,'1',NULL),(2531,93,11,'1',NULL),(2532,93,12,'1',NULL),(2533,93,13,'1',NULL),(2534,93,14,'1',NULL),(2535,93,15,'1',NULL),(2536,93,16,'1',NULL),(2537,93,17,'1',NULL),(2538,93,18,'1',NULL),(2539,94,1,'1',NULL),(2540,94,2,'1',NULL),(2541,94,3,'1',NULL),(2542,94,4,'1',NULL),(2543,94,5,'1',NULL),(2544,94,6,'1',NULL),(2545,94,7,'1',NULL),(2546,94,8,'1',NULL),(2547,94,9,'1',NULL),(2548,94,10,'1',NULL),(2549,94,11,'1',NULL),(2550,94,12,'1',NULL),(2551,94,13,'1',NULL),(2552,94,14,'1',NULL),(2553,94,15,'1',NULL),(2554,94,16,'1',NULL),(2555,94,17,'1',NULL),(2556,94,18,'1',NULL),(2557,95,1,'1',NULL),(2558,95,2,'1',NULL),(2559,95,3,'1',NULL),(2560,95,4,'1',NULL),(2561,95,5,'1',NULL),(2562,95,6,'1',NULL),(2563,95,7,'1',NULL),(2564,95,8,'1',NULL),(2565,95,9,'1',NULL),(2566,95,10,'1',NULL),(2567,95,11,'1',NULL),(2568,95,12,'1',NULL),(2569,95,13,'1',NULL),(2570,95,14,'1',NULL),(2571,95,15,'1',NULL),(2572,95,16,'1',NULL),(2573,95,17,'1',NULL),(2574,95,18,'1',NULL),(2575,96,1,'1',NULL),(2576,96,2,'1',NULL),(2577,96,3,'1',NULL),(2578,96,4,'1',NULL),(2579,96,5,'1',NULL),(2580,96,6,'1',NULL),(2581,96,7,'1',NULL),(2582,96,8,'1',NULL),(2583,96,9,'1',NULL),(2584,96,10,'1',NULL),(2585,96,11,'1',NULL),(2586,96,12,'1',NULL),(2587,96,13,'1',NULL),(2588,96,14,'1',NULL),(2589,96,15,'1',NULL),(2590,96,16,'1',NULL),(2591,96,17,'1',NULL),(2592,96,18,'1',NULL),(2593,97,1,'1',NULL),(2594,97,2,'1',NULL),(2595,97,3,'1',NULL),(2596,97,4,'1',NULL),(2597,97,5,'1',NULL),(2598,97,6,'1',NULL),(2599,97,7,'1',NULL),(2600,97,8,'1',NULL),(2601,97,9,'1',NULL),(2602,97,10,'1',NULL),(2603,97,11,'1',NULL),(2604,97,12,'1',NULL),(2605,97,13,'1',NULL),(2606,97,14,'1',NULL),(2607,97,15,'1',NULL),(2608,97,16,'1',NULL),(2609,97,17,'1',NULL),(2610,97,18,'1',NULL),(2611,98,1,'1',NULL),(2612,98,2,'1',NULL),(2613,98,3,'1',NULL),(2614,98,4,'1',NULL),(2615,98,5,'1',NULL),(2616,98,6,'1',NULL),(2617,98,7,'1',NULL),(2618,98,8,'1',NULL),(2619,98,9,'1',NULL),(2620,98,10,'1',NULL),(2621,98,11,'1',NULL),(2622,98,12,'1',NULL),(2623,98,13,'1',NULL),(2624,98,14,'1',NULL),(2625,98,15,'1',NULL),(2626,98,16,'1',NULL),(2627,98,17,'1',NULL),(2628,98,18,'1',NULL),(2629,99,1,'1',NULL),(2630,99,2,'1',NULL),(2631,99,3,'1',NULL),(2632,99,4,'1',NULL),(2633,99,5,'1',NULL),(2634,99,6,'1',NULL),(2635,99,7,'1',NULL),(2636,99,8,'1',NULL),(2637,99,9,'1',NULL),(2638,99,10,'1',NULL),(2639,99,11,'1',NULL),(2640,99,12,'1',NULL),(2641,99,13,'1',NULL),(2642,99,14,'1',NULL),(2643,99,15,'1',NULL),(2644,99,16,'1',NULL),(2645,99,17,'1',NULL),(2646,99,18,'1',NULL),(2647,100,1,'1',NULL),(2648,100,2,'1',NULL),(2649,100,3,'1',NULL),(2650,100,4,'1',NULL),(2651,100,5,'1',NULL),(2652,100,6,'1',NULL),(2653,100,7,'1',NULL),(2654,100,8,'1',NULL),(2655,100,9,'1',NULL),(2656,100,10,'1',NULL),(2657,100,11,'1',NULL),(2658,100,12,'1',NULL),(2659,100,13,'1',NULL),(2660,100,14,'1',NULL),(2661,100,15,'1',NULL),(2662,100,16,'1',NULL),(2663,100,17,'1',NULL),(2664,100,18,'1',NULL);

/*Table structure for table `visiablely` */

DROP TABLE IF EXISTS `visiablely`;

CREATE TABLE `visiablely` (
  `id` int(11) NOT NULL COMMENT '编号',
  `type` varchar(1) DEFAULT NULL COMMENT '可见性类型 1所有人可见 2.所有注册用户可见 3 所有可用团员 4 指定部门 5 指定人',
  `oid` int(11) DEFAULT NULL COMMENT '模块或者帖子编号 暂时没用',
  `sql` varchar(1000) DEFAULT NULL COMMENT '可见人 ',
  `userIds` text COMMENT '用户id列表',
  PRIMARY KEY (`id`)
) ENGINE=InnoDB DEFAULT CHARSET=utf8;

/*Data for the table `visiablely` */

insert  into `visiablely`(`id`,`type`,`oid`,`sql`,`userIds`) values (1,'1',NULL,NULL,NULL),(2,'2',NULL,NULL,NULL),(3,'3',NULL,NULL,NULL);

/*Table structure for table `uservo` */

DROP TABLE IF EXISTS `uservo`;

/*!50001 DROP VIEW IF EXISTS `uservo` */;
/*!50001 DROP TABLE IF EXISTS `uservo` */;

/*!50001 CREATE TABLE  `uservo`(
 `id` int(11) NOT NULL  default '0' ,
 `username` varchar(100) NULL ,
 `nickname` varchar(100) NULL ,
 `password` varchar(100) NULL ,
 `grade` varchar(100) NULL ,
 `type` varchar(1) NULL ,
 `status` varchar(1) NULL ,
 `startTime` datetime NULL ,
 `regiestTime` datetime NULL ,
 `reply` decimal(32,0) NULL 
)*/;

/*View structure for view uservo */

/*!50001 DROP TABLE IF EXISTS `uservo` */;
/*!50001 DROP VIEW IF EXISTS `uservo` */;

/*!50001 CREATE ALGORITHM=UNDEFINED DEFINER=`root`@`localhost` SQL SECURITY DEFINER VIEW `uservo` AS select `u`.`id` AS `id`,`u`.`username` AS `username`,`u`.`nickname` AS `nickname`,`u`.`password` AS `password`,`u`.`grade` AS `grade`,`u`.`type` AS `type`,`u`.`status` AS `status`,`u`.`startTime` AS `startTime`,`u`.`regiestTime` AS `regiestTime`,(select sum(`b`.`replayNum`) AS `rn` from `bbs` `b` where (`b`.`uid` = `u`.`id`)) AS `reply` from `user` `u` */;

/*!40101 SET SQL_MODE=@OLD_SQL_MODE */;
/*!40014 SET FOREIGN_KEY_CHECKS=@OLD_FOREIGN_KEY_CHECKS */;
/*!40014 SET UNIQUE_CHECKS=@OLD_UNIQUE_CHECKS */;
/*!40111 SET SQL_NOTES=@OLD_SQL_NOTES */;
